,cluster
2,3
3,3
5,0
7,3
8,0
10,3
12,2
14,0
15,0
16,0
17,2
18,0
19,3
20,1
21,3
23,3
24,0
25,3
26,0
27,3
28,3
29,2
30,0
32,3
33,3
35,0
36,3
38,0
39,3
40,0
41,2
42,0
43,0
46,0
47,3
48,0
50,0
51,0
52,0
54,3
55,3
57,3
59,0
60,0
62,2
64,3
65,3
66,0
68,3
69,2
70,3
71,3
72,0
73,3
74,3
75,0
76,2
78,0
79,0
81,3
82,0
83,0
84,0
85,0
86,0
87,3
89,3
90,0
91,3
92,3
93,1
94,0
97,1
98,0
99,3
100,3
101,1
102,1
103,0
104,0
105,0
107,0
111,3
112,3
113,3
115,0
116,2
117,2
118,3
119,0
120,0
121,1
122,0
123,0
124,3
125,0
127,3
130,3
132,3
135,0
137,1
138,0
139,3
140,0
141,0
143,0
144,0
147,0
149,0
150,0
151,0
152,0
153,0
154,2
156,0
157,0
158,0
160,0
161,0
163,0
164,0
169,0
171,0
172,3
173,3
174,0
175,0
177,0
181,0
182,3
183,0
184,0
185,0
186,0
187,3
190,0
192,0
193,0
194,0
197,0
201,0
202,0
204,3
205,0
207,0
208,3
211,0
212,0
213,0
215,0
217,3
218,0
219,0
220,2
221,0
222,3
223,0
224,0
225,0
227,0
228,2
230,0
232,0
233,0
235,0
237,0
238,0
239,0
243,0
245,0
246,0
250,0
251,0
253,3
254,0
256,0
258,0
261,0
262,0
264,3
266,0
268,3
270,3
273,2
275,3
277,0
278,0
282,3
284,3
287,0
288,0
289,1
290,0
292,0
293,0
295,0
296,0
297,0
298,0
301,0
305,0
308,0
311,0
312,0
313,3
314,2
318,0
322,0
323,0
324,3
326,0
327,0
329,0
330,3
331,0
333,0
334,0
335,0
337,0
338,0
339,3
340,3
341,0
345,3
347,0
348,2
349,0
351,0
358,0
359,0
360,0
361,3
362,0
365,2
366,0
367,3
368,0
370,3
375,0
376,0
377,0
379,1
381,0
382,0
383,0
384,0
385,0
389,1
390,3
393,0
395,0
397,0
398,0
401,3
402,0
405,0
406,0
408,0
410,0
412,3
416,3
417,0
418,0
419,2
420,0
422,0
425,0
427,0
428,0
429,3
430,0
431,3
433,0
434,0
435,0
437,0
439,0
440,3
442,0
443,0
446,0
448,0
449,0
451,3
453,0
454,3
456,3
457,0
458,3
459,2
463,0
464,0
465,3
466,0
467,0
468,0
469,0
470,0
474,3
477,0
479,0
480,0
481,0
484,0
485,0
486,3
487,0
488,3
491,0
492,0
493,0
494,0
496,0
498,0
501,0
504,0
505,0
507,3
509,3
510,3
511,3
513,3
516,0
517,0
519,0
520,0
521,0
523,0
524,0
526,3
527,1
528,0
529,0
530,0
531,0
532,0
533,0
535,0
536,0
537,3
538,0
543,0
544,2
545,0
546,0
548,3
549,0
550,0
551,0
552,0
553,0
554,0
556,1
560,0
561,0
562,0
563,0
564,0
565,0
566,0
568,0
569,0
570,3
571,3
572,3
573,0
574,3
578,0
580,0
582,0
583,3
586,0
588,3
589,3
591,0
592,0
593,3
599,0
601,0
603,0
604,1
605,0
606,0
607,3
608,0
611,0
612,0
613,0
614,3
615,2
616,0
617,0
618,0
619,0
621,0
622,0
623,0
624,0
626,0
627,3
628,0
630,0
632,0
633,0
637,0
638,0
639,0
640,0
642,0
644,3
646,3
651,3
652,0
654,0
655,0
657,3
658,0
659,0
662,3
664,0
667,0
669,0
670,0
671,0
675,0
677,0
678,3
680,0
681,0
682,3
683,0
684,0
686,0
687,0
688,0
692,0
693,0
694,0
696,0
697,0
700,3
706,0
710,0
711,0
713,3
714,0
715,0
717,0
718,0
719,3
720,0
723,1
724,0
725,0
727,1
729,0
730,3
731,0
732,0
734,2
735,0
736,0
738,0
739,0
740,0
741,0
742,0
745,0
746,3
749,0
750,0
751,2
752,0
753,3
755,3
756,0
758,0
761,0
764,3
765,0
766,0
768,3
769,0
770,0
771,1
772,0
774,0
775,0
776,0
778,0
779,1
780,0
783,3
785,0
786,0
787,0
789,0
791,0
795,0
796,0
797,0
798,0
800,2
802,0
803,0
804,0
807,0
809,0
810,0
811,0
812,0
814,0
817,3
818,3
819,3
820,0
824,0
825,0
826,3
827,0
830,0
831,3
832,3
834,3
837,0
838,0
840,0
841,0
842,0
843,3
846,0
848,3
851,0
852,0
853,1
855,0
856,0
857,0
858,0
859,0
861,3
862,0
863,0
864,0
865,0
866,0
867,0
868,3
869,0
870,0
872,3
873,0
875,0
876,0
878,3
879,0
880,0
882,3
884,1
887,0
888,0
889,0
891,3
892,3
893,0
894,0
895,0
896,0
899,0
900,0
901,0
902,0
903,0
904,0
905,0
906,3
907,0
908,3
910,0
911,0
912,3
913,0
914,0
915,1
916,3
917,3
918,0
919,3
920,3
921,0
922,0
923,3
925,0
926,0
928,0
929,0
933,0
934,0
935,0
936,0
937,0
938,1
941,3
942,0
943,0
944,2
945,0
947,1
948,0
950,0
951,3
952,0
953,0
954,0
958,2
960,0
962,0
963,0
964,0
965,0
967,3
968,0
969,0
970,0
971,0
972,0
973,3
974,0
975,0
976,0
977,0
978,0
979,0
980,0
981,2
982,3
983,1
984,0
985,0
986,0
987,0
989,0
990,0
991,2
993,1
994,1
995,0
997,0
998,3
1001,3
1003,0
1004,2
1007,3
1008,3
1009,3
1010,0
1011,0
1012,3
1013,3
1014,0
1015,2
1017,3
1018,0
1019,1
1020,0
1021,0
1022,0
1024,0
1026,3
1027,0
1028,0
1029,0
1032,0
1034,0
1036,0
1037,2
1040,0
1041,0
1045,3
1046,0
1048,0
1052,0
1053,0
1056,0
1057,0
1058,3
1059,0
1060,1
1061,0
1062,0
1063,0
1065,0
1066,0
1068,0
1069,0
1070,3
1071,3
1072,0
1076,0
1077,0
1078,2
1080,3
1081,0
1082,3
1083,0
1084,0
1085,1
1087,0
1090,0
1091,0
1092,0
1093,3
1095,0
1099,3
1100,3
1101,1
1102,0
1105,0
1106,0
1107,2
1110,0
1111,0
1112,0
1113,0
1114,0
1115,3
1116,3
1117,0
1118,1
1119,3
1120,0
1121,0
1123,3
1124,2
1125,3
1128,0
1129,0
1130,0
1133,3
1134,0
1135,0
1138,0
1139,0
1140,0
1141,2
1142,0
1143,1
1144,0
1146,0
1147,3
1150,2
1154,0
1157,0
1158,3
1160,0
1161,0
1162,1
1163,0
1164,0
1165,0
1167,0
1168,0
1169,0
1172,0
1173,3
1174,0
1175,0
1177,3
1178,0
1179,0
1180,0
1181,0
1182,1
1183,0
1184,0
1186,0
1187,2
1188,0
1189,0
1190,0
1191,3
1192,0
1193,3
1194,0
1196,0
1197,2
1199,3
1200,1
1201,3
1202,0
1203,0
1204,0
1206,0
1207,0
1208,3
1209,3
1210,3
1212,0
1214,0
1215,0
1216,3
1217,1
1218,2
1220,3
1221,0
1222,0
1224,0
1225,3
1227,0
1229,0
1231,0
1232,3
1233,0
1234,0
1235,3
1236,0
1237,0
1238,2
1240,3
1241,3
1242,3
1243,0
1244,0
1245,3
1248,0
1250,1
1252,0
1254,2
1257,0
1258,3
1261,0
1262,3
1263,0
1264,0
1265,0
1272,0
1273,2
1275,0
1276,0
1277,0
1278,0
1281,0
1283,0
1284,0
1286,3
1287,2
1288,2
1289,0
1291,0
1292,0
1293,2
1294,3
1295,3
1297,3
1298,0
1299,0
1300,0
1301,0
1302,3
1303,1
1304,3
1305,0
1306,0
1307,0
1310,2
1311,3
1314,0
1315,2
1316,0
1317,0
1319,0
1320,1
1322,3
1323,0
1324,1
1325,3
1326,2
1327,0
1328,0
1329,3
1330,3
1331,0
1332,0
1333,3
1335,0
1336,0
1338,3
1339,0
1340,3
1342,3
1343,0
1344,0
1345,3
1346,3
1349,0
1350,1
1353,1
1357,3
1358,0
1359,0
1360,0
1361,0
1362,0
1367,0
1368,3
1369,3
1370,0
1371,0
1372,0
1373,2
1374,0
1375,0
1376,3
1377,3
1378,3
1381,0
1382,3
1383,0
1384,0
1385,2
1386,2
1390,1
1392,0
1393,0
1394,0
1395,3
1396,3
1397,1
1398,1
1400,0
1401,0
1402,0
1404,3
1406,0
1407,0
1408,0
1410,0
1413,0
1414,0
1415,3
1417,3
1418,1
1419,3
1420,0
1421,0
1422,0
1424,3
1426,0
1427,0
1429,0
1430,0
1431,0
1432,2
1433,0
1434,3
1437,3
1438,0
1439,3
1440,0
1441,0
1442,3
1444,0
1445,3
1447,0
1448,3
1449,0
1450,1
1451,3
1452,3
1453,0
1454,0
1457,0
1458,1
1459,0
1460,0
1461,3
1462,0
1463,0
1464,0
1465,0
1467,0
1468,0
1469,3
1470,2
1471,0
1472,0
1474,3
1475,0
1476,0
1477,0
1478,0
1479,0
1480,0
1482,2
1483,2
1485,0
1486,0
1487,0
1488,3
1490,0
1491,0
1493,0
1494,3
1496,0
1497,3
1499,1
1500,0
1502,2
1503,3
1504,0
1505,0
1506,3
1508,0
1509,0
1510,0
1511,0
1512,0
1513,0
1515,0
1516,0
1518,0
1520,0
1522,3
1523,0
1525,3
1526,3
1528,1
1529,1
1530,0
1531,0
1532,0
1534,0
1537,0
1541,0
1543,0
1544,0
1546,2
1547,0
1549,3
1550,0
1551,1
1555,3
1557,2
1558,0
1559,0
1560,0
1563,0
1564,0
1566,3
1568,1
1569,3
1570,0
1572,0
1573,2
1574,1
1575,0
1576,0
1577,0
1579,0
1580,3
1582,0
1583,1
1585,2
1586,0
1587,2
1589,0
1590,3
1591,0
1592,0
1593,0
1594,0
1595,0
1596,3
1597,3
1598,0
1599,0
1600,3
1601,2
1602,0
1603,3
1604,0
1605,3
1608,0
1609,0
1610,0
1611,1
1612,0
1613,0
1615,0
1618,0
1620,3
1621,0
1623,0
1624,3
1626,0
1627,0
1628,3
1629,1
1630,0
1631,0
1632,2
1633,0
1636,0
1637,0
1638,0
1639,0
1641,3
1642,0
1644,3
1645,1
1646,3
1647,3
1648,0
1649,0
1651,0
1652,0
1653,0
1654,0
1655,3
1657,0
1659,0
1660,3
1662,0
1663,0
1664,3
1665,0
1666,0
1667,1
1668,3
1669,0
1670,3
1671,0
1672,0
1673,3
1674,1
1675,0
1676,0
1677,0
1678,0
1679,0
1680,0
1681,3
1682,3
1683,0
1685,3
1686,0
1687,3
1688,2
1690,0
1692,0
1693,3
1695,3
1697,0
1699,0
1700,3
1702,0
1703,2
1704,3
1707,0
1708,3
1709,0
1711,3
1713,3
1714,0
1715,0
1716,2
1717,0
1718,1
1719,3
1723,0
1725,0
1727,0
1728,0
1731,3
1733,3
1734,3
1737,0
1738,0
1740,3
1741,3
1742,0
1743,0
1744,0
1746,0
1747,0
1748,3
1749,1
1750,3
1751,1
1752,0
1754,0
1755,0
1756,0
1757,0
1758,2
1760,0
1761,0
1763,3
1766,0
1767,0
1768,0
1769,0
1771,0
1772,0
1773,0
1774,3
1775,1
1776,0
1779,3
1780,0
1781,0
1782,0
1784,3
1785,0
1786,3
1787,0
1788,2
1789,0
1792,0
1794,0
1797,0
1798,3
1799,0
1800,3
1802,0
1803,0
1804,0
1805,0
1806,0
1807,2
1808,0
1810,3
1811,1
1813,0
1815,0
1816,3
1817,0
1818,0
1820,0
1821,0
1822,3
1823,0
1824,3
1826,0
1827,0
1828,0
1829,0
1831,0
1832,0
1834,0
1835,0
1836,0
1837,0
1838,0
1839,0
1840,3
1841,3
1842,0
1843,0
1844,0
1845,3
1846,0
1848,0
1849,0
1850,1
1851,3
1853,0
1855,3
1856,3
1857,0
1858,0
1859,0
1861,3
1862,0
1863,0
1864,0
1865,2
1867,3
1868,3
1870,3
1873,3
1874,0
1875,3
1876,0
1877,3
1879,3
1880,0
1881,2
1882,0
1883,0
1884,0
1885,2
1886,3
1887,1
1888,0
1890,0
1892,1
1893,1
1895,2
1898,3
1900,0
1901,3
1902,0
1903,0
1904,2
1906,0
1908,0
1909,0
1910,0
1911,0
1912,0
1913,0
1915,0
1916,0
1917,3
1918,0
1919,3
1921,0
1923,3
1925,0
1927,2
1928,3
1929,1
1932,0
1933,0
1934,3
1935,0
1936,3
1937,0
1938,1
1939,3
1940,3
1941,0
1942,0
1943,2
1946,3
1948,0
1949,0
1950,0
1954,0
1957,3
1958,3
1959,0
1960,0
1963,3
1964,0
1965,3
1968,3
1969,3
1970,0
1971,3
1972,3
1973,0
1975,3
1976,0
1977,3
1979,0
1981,0
1984,0
1986,0
1987,3
1989,0
1990,3
1991,0
1992,0
1993,0
1996,3
1997,0
1998,3
2000,3
2001,2
2004,3
2006,0
2007,0
2008,3
2010,0
2011,0
2012,0
2013,0
2014,0
2015,2
2016,3
2017,1
2018,0
2019,0
2020,3
2021,0
2022,0
2023,2
2024,0
2025,0
2026,0
2028,1
2030,0
2031,0
2032,0
2033,1
2034,0
2035,0
2036,2
2037,0
2038,0
2039,1
2040,2
2041,0
2042,0
2043,3
2044,0
2046,3
2047,0
2048,0
2049,3
2050,0
2051,3
2052,3
2053,3
2054,0
2056,2
2057,0
2059,3
2060,0
2062,3
2063,1
2065,2
2066,0
2069,3
2072,2
2073,0
2074,1
2075,0
2077,0
2078,0
2079,0
2080,0
2082,0
2083,0
2086,1
2087,0
2088,0
2089,0
2090,0
2091,2
2092,0
2093,3
2094,3
2096,0
2097,3
2099,0
2100,0
2101,0
2102,3
2105,0
2106,0
2107,0
2108,0
2110,1
2111,3
2112,0
2113,3
2115,0
2116,0
2119,0
2120,0
2121,0
2123,3
2126,1
2127,3
2128,0
2130,0
2131,0
2132,3
2133,0
2136,3
2137,2
2138,0
2141,1
2142,0
2144,0
2145,0
2146,0
2147,0
2148,0
2149,3
2150,1
2151,3
2152,3
2153,0
2154,3
2156,3
2158,1
2159,0
2160,3
2161,0
2162,0
2163,0
2166,0
2167,1
2169,3
2171,0
2172,0
2173,0
2174,0
2175,3
2176,0
2178,3
2179,0
2180,3
2181,0
2183,2
2184,1
2186,0
2190,0
2191,3
2192,3
2193,0
2194,1
2196,0
2197,3
2198,3
2199,1
2200,3
2201,0
2202,3
2203,0
2204,0
2205,0
2206,0
2208,3
2212,1
2213,1
2214,1
2216,3
2217,3
2218,0
2219,0
2220,3
2222,3
2223,3
2224,0
2225,0
2229,3
2231,3
2232,0
2233,3
2235,3
2237,0
2238,0
2239,3
2242,3
2243,0
2244,1
2246,3
2247,3
2248,3
2250,0
2252,0
2253,3
2254,0
2255,1
2256,0
2259,0
2260,3
2261,0
2262,0
2263,0
2264,0
2266,3
2267,0
2268,0
2269,0
2270,2
2271,0
2273,3
2274,0
2275,1
2276,0
2277,3
2278,3
2279,1
2280,0
2281,0
2282,3
2283,0
2285,3
2286,3
2287,2
2288,3
2289,3
2290,0
2291,0
2292,2
2295,0
2297,0
2299,0
2300,3
2301,3
2302,0
2303,0
2306,0
2307,3
2308,2
2309,3
2310,3
2311,0
2312,0
2313,0
2314,0
2315,0
2316,0
2318,3
2319,0
2320,3
2321,3
2323,3
2324,0
2325,0
2327,0
2329,3
2330,0
2333,3
2334,3
2335,1
2336,3
2337,0
2338,0
2339,0
2340,0
2341,2
2342,3
2343,3
2344,3
2345,0
2346,2
2347,0
2349,0
2350,1
2351,3
2353,0
2354,0
2355,0
2356,0
2357,0
2358,0
2359,0
2360,0
2362,3
2363,0
2364,0
2366,0
2367,1
2368,0
2370,0
2371,2
2372,0
2373,1
2374,2
2376,0
2378,0
2381,3
2383,0
2385,3
2386,2
2389,3
2390,1
2391,0
2392,3
2393,3
2394,3
2395,0
2396,3
2397,0
2398,0
2399,3
2400,0
2401,0
2402,0
2403,3
2404,0
2407,0
2408,0
2409,0
2411,3
2412,3
2413,3
2414,1
2415,3
2417,3
2418,0
2421,0
2422,0
2423,0
2425,3
2426,3
2427,0
2429,0
2432,0
2433,2
2434,3
2436,3
2438,3
2439,0
2442,2
2443,3
2444,1
2446,0
2449,3
2450,3
2451,3
2453,0
2454,3
2455,2
2456,0
2459,0
2460,0
2462,0
2464,0
2465,1
2467,3
2469,1
2470,1
2471,0
2472,1
2473,3
2475,0
2477,3
2478,0
2479,3
2480,0
2481,0
2482,0
2484,3
2486,0
2487,0
2489,0
2490,0
2491,0
2492,0
2494,0
2495,3
2497,0
2499,0
2500,0
2501,1
2502,3
2503,0
2504,1
2505,1
2508,3
2509,3
2510,0
2511,0
2512,0
2513,3
2514,0
2515,0
2516,1
2517,3
2518,0
2520,3
2521,3
2523,0
2524,0
2528,3
2529,0
2530,0
2534,3
2535,0
2536,2
2537,3
2538,3
2539,0
2540,0
2543,0
2544,0
2546,3
2547,0
2548,0
2549,3
2550,3
2551,3
2552,0
2553,0
2554,3
2555,0
2556,0
2557,3
2559,1
2560,3
2561,2
2562,1
2563,0
2564,3
2565,3
2566,3
2568,2
2569,3
2570,3
2571,0
2572,0
2573,0
2575,0
2576,0
2577,0
2578,3
2579,3
2580,0
2581,3
2583,0
2584,0
2585,2
2588,0
2589,1
2590,0
2591,0
2593,0
2594,1
2595,0
2596,3
2598,3
2599,0
2601,1
2602,0
2603,0
2604,3
2606,3
2607,0
2609,3
2611,0
2612,3
2614,1
2615,0
2616,1
2617,0
2620,0
2621,0
2622,0
2623,0
2624,0
2625,0
2628,3
2629,0
2635,0
2636,0
2637,3
2638,0
2639,3
2640,1
2643,0
2644,0
2646,2
2647,0
2649,3
2650,3
2651,0
2652,3
2656,0
2658,0
2659,0
2660,1
2661,3
2662,0
2663,0
2664,0
2666,0
2668,3
2673,3
2674,0
2675,0
2677,1
2679,3
2680,0
2681,3
2682,1
2683,0
2684,0
2685,3
2686,0
2688,1
2689,0
2690,0
2693,0
2694,0
2696,3
2697,3
2698,0
2699,0
2700,0
2702,0
2703,2
2705,2
2706,0
2707,0
2708,1
2709,0
2712,0
2714,0
2715,0
2716,0
2717,1
2718,0
2719,1
2720,3
2723,0
2726,0
2727,0
2730,3
2731,3
2732,0
2733,2
2734,0
2735,1
2736,0
2737,2
2738,1
2739,1
2741,1
2742,1
2743,3
2745,3
2746,3
2747,0
2748,0
2749,0
2750,3
2752,3
2756,2
2757,0
2758,0
2759,1
2760,0
2761,0
2762,3
2763,3
2764,0
2766,0
2767,1
2768,0
2769,3
2770,0
2771,1
2773,3
2774,3
2775,1
2777,0
2778,3
2779,0
2782,2
2783,0
2785,0
2786,0
2787,1
2789,0
2790,0
2791,0
2792,0
2793,3
2794,3
2795,3
2797,0
2799,1
2800,0
2802,0
2804,0
2805,3
2806,0
2807,3
2808,0
2809,0
2811,0
2812,3
2813,0
2814,3
2815,2
2817,0
2818,0
2820,0
2821,3
2822,3
2823,0
2825,0
2826,0
2827,1
2828,3
2829,0
2831,3
2833,1
2834,1
2835,0
2836,0
2837,3
2838,0
2840,0
2841,0
2842,0
2844,2
2845,3
2846,3
2847,3
2850,0
2851,3
2852,0
2853,2
2854,0
2855,0
2856,0
2857,0
2858,0
2859,0
2860,0
2861,0
2862,1
2863,0
2866,2
2867,0
2868,0
2869,3
2870,0
2871,1
2873,0
2874,3
2875,0
2876,3
2878,0
2879,3
2881,3
2882,3
2883,3
2888,0
2889,0
2891,0
2892,3
2894,1
2895,0
2896,3
2897,0
2898,1
2899,0
2900,3
2902,1
2903,0
2904,2
2905,0
2906,0
2907,0
2909,1
2910,3
2911,0
2912,1
2913,1
2914,0
2915,0
2916,0
2917,0
2918,0
2919,3
2920,1
2921,0
2923,0
2924,3
2925,0
2926,0
2927,3
2928,1
2929,0
2930,0
2932,3
2934,0
2935,0
2936,0
2937,3
2940,0
2941,3
2942,0
2943,0
2945,0
2948,0
2949,3
2952,0
2953,0
2955,0
2956,0
2957,0
2958,0
2959,0
2960,0
2962,2
2963,3
2964,0
2965,0
2966,3
2967,1
2968,0
2969,1
2970,0
2971,0
2972,0
2973,0
2974,1
2975,3
2979,0
2980,1
2981,2
2983,0
2984,3
2986,2
2987,0
2988,3
2989,0
2990,0
2991,0
2992,0
2993,3
2994,3
2995,0
2996,0
2997,0
2998,0
2999,0
3000,0
3001,0
3002,0
3003,0
3004,3
3006,0
3007,0
3008,0
3009,3
3010,3
3011,3
3012,3
3014,0
3016,0
3017,3
3018,0
3020,0
3021,1
3022,3
3024,0
3027,0
3028,0
3030,0
3031,0
3033,0
3034,0
3035,0
3036,0
3040,0
3041,0
3042,0
3046,0
3047,3
3048,0
3052,0
3053,0
3055,0
3056,3
3058,2
3059,1
3060,0
3061,0
3062,0
3063,0
3065,0
3066,3
3067,0
3068,0
3069,3
3070,3
3072,0
3073,0
3075,3
3077,0
3078,0
3080,0
3081,0
3082,3
3083,0
3084,0
3085,0
3086,0
3087,0
3089,2
3090,0
3091,3
3092,3
3093,0
3094,0
3095,3
3097,0
3099,3
3100,1
3101,3
3104,3
3106,0
3107,3
3108,0
3109,3
3110,2
3111,0
3114,0
3115,0
3116,1
3118,0
3120,3
3121,3
3122,3
3123,3
3124,1
3125,0
3127,0
3128,0
3129,0
3130,0
3132,0
3133,0
3134,3
3135,3
3136,0
3138,0
3140,3
3141,0
3144,0
3145,0
3146,3
3148,0
3150,0
3151,3
3152,3
3153,3
3154,0
3155,0
3156,3
3157,0
3158,3
3160,1
3162,3
3163,0
3165,0
3166,0
3167,0
3169,1
3171,0
3173,3
3174,0
3175,1
3177,0
3178,3
3179,3
3181,3
3182,0
3183,1
3184,2
3186,0
3187,3
3188,0
3189,0
3190,0
3191,0
3192,2
3194,3
3195,1
3196,3
3197,0
3199,0
3200,3
3201,3
3202,0
3204,0
3205,0
3207,3
3208,0
3210,0
3211,3
3215,0
3216,3
3217,0
3218,3
3219,1
3220,3
3222,1
3223,3
3225,0
3226,3
3227,0
3229,0
3230,3
3231,0
3232,3
3234,3
3235,0
3236,0
3237,3
3240,0
3241,0
3242,3
3243,0
3245,3
3246,0
3247,0
3250,0
3252,0
3253,3
3254,3
3257,3
3259,3
3262,3
3264,0
3265,0
3266,3
3267,0
3268,3
3269,0
3270,2
3271,0
3272,3
3273,0
3274,3
3275,0
3276,0
3278,3
3281,0
3282,0
3283,0
3284,3
3286,2
3287,0
3288,1
3290,0
3291,0
3293,1
3295,3
3297,3
3299,0
3300,3
3301,3
3302,1
3303,0
3304,2
3305,1
3306,3
3307,0
3308,0
3309,0
3311,0
3312,0
3313,0
3314,3
3315,0
3316,3
3317,2
3318,0
3319,3
3320,0
3323,0
3325,2
3326,0
3328,3
3329,0
3330,3
3331,0
3332,0
3333,1
3334,3
3335,2
3336,1
3339,3
3340,1
3341,0
3342,1
3343,3
3344,1
3348,3
3349,3
3353,0
3354,3
3356,3
3358,0
3359,0
3360,3
3361,3
3362,1
3363,3
3364,1
3366,0
3367,3
3369,3
3370,0
3371,2
3372,0
3373,2
3374,3
3375,0
3377,0
3380,3
3381,0
3383,3
3384,0
3385,0
3386,1
3387,0
3390,0
3391,0
3394,0
3395,1
3396,1
3398,0
3399,1
3400,0
3401,0
3402,0
3403,0
3405,3
3406,0
3407,3
3408,0
3409,2
3410,3
3412,1
3413,0
3415,3
3416,3
3417,2
3418,1
3419,3
3420,3
3421,1
3422,3
3423,0
3425,2
3426,0
3427,2
3428,0
3429,0
3430,3
3431,0
3432,2
3433,3
3434,0
3435,3
3437,0
3438,0
3441,3
3442,0
3443,2
3444,1
3445,3
3446,0
3447,0
3448,3
3450,3
3452,0
3453,0
3454,0
3455,3
3456,3
3457,3
3458,3
3459,0
3460,0
3462,3
3464,0
3466,0
3467,0
3468,0
3470,2
3471,3
3473,2
3474,3
3475,0
3476,0
3477,0
3478,2
3479,0
3480,3
3481,3
3482,0
3483,1
3484,3
3485,3
3490,1
3491,0
3493,0
3495,0
3496,0
3497,2
3500,3
3501,0
3503,0
3504,3
3505,3
3506,1
3509,0
3510,3
3512,0
3514,3
3515,0
3516,2
3517,1
3518,3
3520,3
3522,3
3523,0
3524,0
3525,3
3526,2
3527,0
3528,3
3529,0
3530,0
3531,0
3532,0
3534,0
3536,0
3538,2
3539,0
3540,0
3542,0
3543,0
3544,1
3545,3
3547,0
3548,0
3549,0
3550,3
3551,2
3553,3
3554,0
3556,3
3557,1
3558,3
3559,0
3560,3
3562,0
3563,3
3564,0
3566,0
3567,0
3568,3
3569,3
3570,1
3571,1
3572,0
3573,0
3575,3
3576,3
3577,3
3578,0
3580,0
3581,3
3582,0
3583,3
3584,0
3586,3
3587,3
3589,0
3592,3
3593,1
3594,3
3595,0
3596,0
3599,3
3600,3
3601,0
3602,0
3603,0
3604,0
3605,0
3607,0
3608,3
3610,3
3612,0
3613,0
3615,0
3616,0
3619,0
3620,0
3622,3
3625,0
3626,3
3627,0
3628,1
3629,3
3631,3
3632,3
3633,0
3634,3
3635,0
3636,1
3638,3
3639,3
3640,3
3643,0
3644,3
3645,3
3646,0
3648,0
3649,0
3650,2
3651,1
3654,0
3656,1
3658,0
3660,0
3661,0
3662,3
3663,0
3665,3
3666,0
3667,3
3668,3
3669,0
3670,3
3671,1
3673,0
3674,0
3675,0
3676,0
3677,0
3679,0
3680,3
3681,0
3682,3
3683,0
3684,3
3685,0
3687,3
3688,2
3690,0
3691,3
3692,0
3693,3
3694,1
3695,3
3698,0
3701,1
3703,1
3705,1
3706,0
3707,0
3708,0
3709,3
3710,2
3711,3
3712,3
3713,3
3715,3
3716,0
3717,1
3718,0
3719,3
3720,0
3721,3
3722,3
3724,3
3725,0
3727,0
3729,3
3730,0
3731,3
3732,3
3733,0
3734,3
3735,0
3736,3
3737,3
3738,0
3739,0
3740,0
3742,3
3743,3
3744,3
3745,0
3746,0
3750,0
3751,1
3752,0
3753,1
3755,0
3756,1
3757,0
3758,0
3759,0
3760,0
3761,0
3764,2
3766,0
3767,3
3768,0
3769,0
3770,0
3771,1
3772,0
3773,1
3774,3
3775,3
3776,0
3778,3
3779,0
3781,3
3782,3
3783,0
3784,3
3786,0
3787,3
3788,3
3789,0
3790,0
3791,3
3792,3
3794,0
3795,3
3797,0
3798,3
3799,3
3800,0
3801,1
3802,0
3803,2
3804,2
3805,0
3807,0
3808,3
3809,0
3810,0
3811,0
3812,2
3814,1
3815,3
3817,3
3818,0
3819,2
3820,0
3821,1
3822,0
3823,3
3825,3
3826,0
3827,3
3828,3
3831,0
3832,0
3833,0
3834,3
3835,0
3836,3
3838,2
3841,3
3845,0
3846,0
3847,2
3848,2
3849,3
3850,0
3852,3
3853,3
3855,0
3858,3
3860,0
3861,3
3862,2
3864,1
3865,3
3866,0
3867,3
3868,3
3870,3
3871,0
3872,3
3873,3
3874,0
3876,0
3877,1
3878,3
3879,1
3880,0
3881,0
3882,0
3883,1
3885,3
3886,3
3887,3
3888,0
3890,0
3891,0
3892,3
3894,0
3895,0
3898,0
3899,0
3900,3
3901,3
3902,0
3903,0
3904,1
3906,1
3907,3
3908,0
3910,3
3911,3
3912,3
3913,2
3914,3
3915,3
3917,3
3918,3
3920,3
3921,3
3922,3
3924,2
3925,3
3926,3
3929,3
3930,0
3931,0
3932,0
3933,0
3934,0
3935,0
3942,0
3943,2
3944,0
3945,3
3946,3
3947,3
3948,2
3949,3
3950,0
3953,0
3954,3
3956,0
3957,2
3959,3
3960,0
3961,2
3962,2
3963,2
3964,3
3965,2
3968,1
3969,3
3970,0
3971,3
3972,0
3973,0
3975,0
3977,0
3978,0
3980,0
3982,0
3983,1
3984,0
3985,0
3986,3
3987,3
3988,3
3990,0
3991,0
3994,3
3995,3
3996,0
3997,1
3999,3
4000,3
4001,0
4002,3
4003,3
4004,0
4005,3
4008,0
4009,0
4010,0
4013,3
4014,1
4015,2
4017,1
4018,0
4019,0
4021,0
4023,3
4025,1
4026,0
4027,0
4029,0
4030,3
4031,0
4032,1
4033,1
4034,3
4035,3
4036,0
4038,3
4039,2
4040,0
4041,0
4042,0
4044,0
4045,2
4046,3
4049,0
4050,2
4051,3
4052,0
4053,2
4054,3
4055,2
4056,3
4057,0
4058,0
4059,0
4060,0
4061,0
4063,2
4064,0
4069,0
4070,3
4072,3
4073,3
4074,3
4075,0
4076,3
4077,2
4079,3
4080,0
4081,0
4082,3
4083,1
4084,1
4085,1
4086,1
4087,3
4088,0
4089,0
4090,0
4091,2
4092,3
4093,0
4094,1
4099,0
4100,3
4101,1
4102,3
4105,3
4106,3
4107,2
4108,3
4110,0
4111,3
4112,3
4113,0
4114,3
4115,3
4116,1
4117,0
4119,0
4120,1
4121,0
4123,0
4124,0
4125,0
4126,1
4128,0
4129,3
4130,3
4131,3
4132,0
4133,0
4134,0
4137,0
4138,3
4139,0
4140,0
4141,2
4142,2
4143,0
4144,3
4145,1
4146,0
4147,3
4149,0
4150,0
4151,3
4152,3
4153,0
4155,1
4157,2
4158,0
4159,0
4160,0
4161,0
4162,3
4163,0
4164,0
4165,3
4166,3
4168,3
4170,3
4171,1
4172,1
4173,0
4176,3
4177,0
4178,0
4179,2
4180,3
4181,0
4182,0
4184,0
4185,3
4186,0
4190,0
4191,0
4193,0
4195,2
4196,1
4197,0
4198,0
4200,1
4202,0
4203,0
4204,3
4206,3
4208,0
4210,0
4211,2
4213,3
4214,3
4216,1
4217,1
4218,0
4220,3
4221,0
4223,0
4224,3
4225,0
4227,0
4228,0
4230,0
4231,3
4232,0
4233,1
4239,3
4240,3
4241,0
4242,0
4244,1
4245,2
4247,0
4248,0
4249,3
4251,0
4254,2
4255,3
4256,1
4257,0
4258,0
4259,3
4260,3
4261,0
4262,2
4263,2
4264,2
4265,3
4266,3
4267,0
4268,3
4269,3
4270,1
4271,0
4272,0
4273,3
4274,0
4275,0
4276,0
4278,0
4279,0
4280,0
4281,0
4282,3
4283,3
4284,0
4285,3
4286,0
4287,3
4288,3
4290,3
4292,1
4293,0
4294,0
4296,3
4297,3
4298,1
4299,3
4300,1
4301,1
4302,3
4303,0
4304,3
4305,0
4306,3
4307,1
4308,2
4309,3
4310,1
4311,3
4312,0
4314,1
4315,0
4317,0
4318,0
4319,1
4320,1
4321,3
4322,1
4323,1
4325,1
4326,2
4327,1
4328,3
4331,3
4332,3
4334,3
4335,1
4336,0
4337,2
4339,0
4341,3
4342,0
4343,0
4344,3
4345,0
4346,3
4347,0
4348,0
4349,0
4351,0
4352,3
4353,3
4354,0
4355,0
4356,1
4361,0
4362,0
4364,0
4365,3
4366,3
4367,3
4368,3
4370,0
4371,3
4372,0
4373,0
4375,0
4376,3
4377,3
4378,0
4379,0
4380,1
4382,3
4383,3
4385,0
4386,0
4387,0
4391,3
4392,3
4394,0
4395,0
4396,0
4397,0
4398,0
4399,3
4400,2
4402,0
4403,0
4404,0
4406,3
4409,2
4410,0
4411,0
4412,0
4414,0
4415,0
4416,2
4417,3
4418,0
4419,1
4420,3
4421,3
4422,0
4423,3
4424,3
4425,1
4426,0
4427,0
4428,0
4429,1
4430,2
4431,0
4432,0
4433,3
4435,0
4436,0
4437,3
4439,0
4441,0
4443,3
4445,0
4446,3
4447,3
4448,0
4449,0
4450,3
4452,3
4453,0
4454,0
4455,0
4456,3
4459,0
4461,0
4463,3
4464,3
4465,3
4466,3
4468,0
4469,0
4470,0
4472,0
4474,0
4475,1
4476,3
4478,3
4482,0
4483,3
4485,3
4486,1
4487,3
4489,0
4491,0
4492,0
4494,0
4495,0
4496,3
4498,0
4500,0
4501,0
4502,0
4503,0
4504,0
4505,0
4506,0
4507,3
4509,2
4511,0
4512,3
4513,0
4515,3
4517,0
4519,0
4521,3
4522,3
4523,3
4524,3
4525,1
4526,0
4527,0
4528,3
4529,0
4530,2
4532,1
4533,3
4534,0
4535,1
4536,3
4537,0
4538,0
4539,0
4540,3
4541,0
4542,0
4543,1
4544,0
4545,0
4546,0
4547,2
4548,0
4550,3
4551,3
4553,0
4554,3
4555,0
4556,2
4559,1
4560,1
4561,3
4562,2
4563,0
4564,3
4566,0
4567,3
4568,2
4569,3
4570,0
4571,0
4574,0
4575,3
4576,3
4577,3
4578,3
4579,0
4580,1
4582,1
4583,1
4584,0
4585,0
4586,3
4587,2
4588,3
4589,1
4590,0
4591,0
4593,1
4594,0
4595,0
4598,0
4599,3
4600,3
4601,1
4602,0
4603,3
4604,1
4606,3
4607,0
4608,1
4609,2
4610,0
4611,2
4612,0
4613,0
4615,0
4616,2
4617,0
4620,2
4624,3
4625,0
4626,3
4627,3
4628,0
4629,0
4630,3
4632,0
4634,0
4635,3
4636,1
4638,3
4639,3
4640,3
4642,0
4643,1
4644,3
4645,0
4646,0
4648,3
4649,0
4650,0
4651,3
4652,0
4653,2
4654,3
4655,2
4656,0
4657,3
4658,1
4660,0
4661,3
4663,0
4664,0
4667,0
4668,0
4669,0
4670,1
4671,0
4673,0
4674,2
4675,3
4676,2
4677,0
4678,0
4680,0
4682,0
4683,3
4685,0
4686,0
4687,2
4688,3
4689,3
4690,3
4691,0
4692,2
4695,3
4696,3
4697,3
4699,0
4700,0
4701,3
4705,0
4706,0
4707,0
4709,3
4710,2
4713,3
4714,3
4715,2
4716,3
4718,0
4719,3
4720,1
4722,1
4723,1
4724,0
4725,2
4726,3
4727,0
4728,0
4729,3
4732,3
4733,0
4734,0
4735,0
4736,3
4737,2
4738,0
4739,0
4740,3
4741,0
4744,3
4745,0
4746,0
4749,0
4750,0
4751,3
4752,1
4753,0
4754,2
4755,0
4756,1
4758,0
4759,0
4762,3
4763,3
4764,3
4765,3
4766,1
4767,0
4768,1
4769,3
4770,3
4771,1
4772,0
4773,3
4774,2
4775,3
4777,0
4778,0
4780,3
4781,3
4782,3
4783,1
4785,0
4786,0
4787,3
4788,3
4789,3
4790,0
4791,0
4792,3
4794,2
4795,1
4797,3
4800,0
4801,1
4803,0
4804,3
4805,2
4806,3
4807,3
4809,0
4810,0
4811,0
4812,0
4813,0
4814,0
4815,1
4817,0
4819,0
4820,3
4822,0
4823,2
4825,1
4826,0
4827,1
4829,2
4830,1
4831,3
4832,2
4833,3
4834,3
4835,1
4837,3
4838,3
4839,2
4841,0
4842,0
4843,0
4844,0
4845,3
4847,0
4848,3
4849,0
4852,3
4853,0
4854,0
4855,2
4856,3
4857,3
4858,1
4859,0
4861,0
4862,2
4863,3
4864,0
4865,0
4866,1
4868,0
4870,3
4871,3
4872,3
4873,0
4874,3
4875,0
4876,0
4878,0
4880,1
4881,1
4882,0
4883,3
4886,3
4888,3
4890,1
4891,0
4892,0
4893,3
4895,0
4896,3
4897,3
4898,0
4899,0
4900,3
4901,3
4903,0
4904,0
4905,0
4906,1
4907,0
4908,3
4909,0
4910,0
4911,2
4912,0
4914,0
4915,1
4916,0
4917,0
4918,3
4919,3
4920,0
4921,0
4924,0
4925,0
4926,3
4928,2
4929,0
4930,0
4931,3
4932,0
4933,3
4934,0
4935,3
4936,0
4937,3
4938,0
4939,3
4940,3
4941,0
4942,0
4944,0
4945,3
4946,0
4948,3
4949,3
4952,1
4953,3
4954,1
4956,0
4957,2
4962,0
4964,3
4965,3
4966,3
4968,3
4969,3
4970,1
4971,1
4972,2
4974,2
4975,1
4976,0
4977,2
4978,3
4979,0
4980,0
4982,0
4984,3
4985,2
4986,3
4987,0
4988,3
4989,3
4991,0
4992,3
4993,2
4994,0
4995,3
4997,3
4998,3
5000,0
5001,0
5002,3
5004,2
5005,0
5006,0
5008,0
5009,3
5010,1
5011,0
5012,0
5014,0
5015,3
5016,0
5017,3
5019,1
5020,3
5022,3
5024,0
5026,1
5027,0
5028,0
5029,3
5032,1
5033,0
5035,0
5036,0
5037,0
5038,0
5040,1
5041,0
5042,1
5043,1
5044,3
5046,0
5047,0
5049,0
5050,3
5051,0
5052,3
5053,3
5054,1
5055,0
5056,3
5057,0
5058,0
5059,0
5060,1
5061,0
5063,0
5066,3
5067,1
5068,3
5069,0
5070,0
5072,0
5074,0
5075,1
5077,2
5078,2
5080,1
5081,0
5082,0
5084,3
5085,3
5086,3
5087,3
5088,2
5092,0
5093,2
5095,0
5096,3
5097,3
5098,0
5099,1
5100,0
5101,3
5102,3
5106,3
5107,0
5108,3
5110,0
5112,1
5113,0
5114,3
5115,0
5116,0
5117,2
5118,3
5120,0
5122,3
5124,0
5125,3
5126,0
5127,0
5128,3
5129,0
5130,0
5131,1
5132,3
5134,0
5135,3
5136,0
5138,0
5139,0
5140,0
5142,3
5145,3
5146,0
5147,0
5148,0
5149,0
5151,0
5153,0
5154,0
5156,1
5157,0
5158,3
5160,1
5163,0
5164,0
5165,3
5166,0
5167,2
5170,0
5171,3
5172,0
5173,3
5174,0
5175,1
5176,0
5177,0
5179,3
5180,0
5181,0
5183,0
5184,3
5185,1
5186,1
5187,3
5188,3
5189,0
5190,0
5191,3
5193,3
5196,1
5198,0
5199,0
5200,0
5202,3
5203,1
5205,3
5206,1
5207,0
5208,2
5209,0
5210,0
5211,0
5212,0
5213,0
5214,0
5215,1
5216,1
5217,3
5218,3
5219,3
5220,3
5222,0
5223,0
5225,0
5227,0
5230,3
5231,0
5232,0
5234,1
5236,0
5237,0
5238,0
5239,2
5240,3
5241,3
5242,3
5243,3
5244,0
5245,0
5246,0
5247,0
5248,3
5249,0
5251,0
5252,0
5253,3
5255,3
5256,0
5257,3
5258,3
5259,3
5260,0
5261,1
5262,0
5263,0
5265,0
5266,0
5268,2
5269,0
5270,0
5271,3
5272,0
5273,0
5275,0
5276,2
5277,3
5278,0
5279,1
5280,3
5281,0
5282,1
5283,0
5284,3
5286,3
5289,0
5290,0
5291,0
5292,3
5293,0
5294,1
5295,3
5296,2
5297,3
5298,0
5299,2
5300,3
5301,3
5302,3
5303,0
5304,0
5305,2
5306,1
5309,3
5310,0
5312,0
5314,0
5315,0
5317,0
5318,0
5319,3
5320,0
5321,1
5323,0
5324,3
5325,0
5326,0
5328,3
5329,0
5331,3
5332,3
5333,0
5335,0
5336,3
5339,1
5340,3
5341,0
5343,0
5345,0
5347,0
5350,0
5351,3
5352,0
5353,0
5355,0
5356,1
5362,2
5363,0
5364,3
5365,3
5366,0
5368,0
5370,3
5371,3
5372,3
5373,1
5374,1
5375,0
5377,3
5378,0
5379,0
5380,1
5381,0
5382,1
5383,2
5385,0
5387,3
5388,1
5389,2
5390,3
5391,2
5396,2
5397,0
5398,1
5399,0
5400,0
5402,3
5403,2
5404,0
5405,3
5406,3
5408,0
5410,0
5412,0
5414,0
5416,3
5417,0
5419,3
5420,1
5421,3
5423,2
5424,0
5425,2
5426,0
5427,0
5428,3
5430,2
5431,0
5432,0
5433,1
5434,0
5435,3
5436,0
5437,0
5438,0
5440,3
5443,0
5444,3
5445,3
5446,0
5449,3
5450,0
5451,3
5452,0
5453,0
5454,3
5455,0
5457,0
5458,2
5459,1
5460,3
5461,3
5462,3
5463,0
5464,2
5465,0
5466,3
5467,0
5468,3
5469,3
5470,0
5471,0
5472,0
5474,1
5475,3
5476,1
5477,0
5478,3
5480,0
5482,3
5485,0
5486,0
5487,2
5488,0
5489,0
5492,0
5493,3
5494,1
5496,0
5497,1
5498,1
5499,3
5500,0
5501,3
5502,3
5503,0
5504,0
5505,2
5506,3
5507,0
5508,0
5509,0
5510,0
5511,0
5512,3
5515,2
5516,0
5518,0
5519,0
5520,3
5521,3
5523,0
5524,3
5526,3
5527,3
5528,3
5531,2
5532,0
5533,3
5536,0
5537,2
5538,0
5540,0
5542,3
5543,3
5544,0
5546,0
5548,3
5549,3
5550,0
5551,1
5552,3
5553,0
5554,2
5555,0
5556,3
5557,0
5558,0
5560,1
5561,3
5562,0
5563,3
5565,1
5566,3
5568,0
5569,0
5570,0
5572,2
5573,3
5574,1
5576,2
5578,3
5579,3
5581,3
5582,0
5583,0
5584,0
5586,0
5587,3
5588,3
5589,0
5590,3
5592,0
5593,0
5595,3
5597,0
5598,0
5599,0
5600,0
5601,0
5603,0
5604,3
5606,3
5608,3
5609,3
5611,0
5612,0
5613,0
5614,0
5616,0
5617,1
5618,0
5619,2
5621,0
5622,3
5625,1
5627,3
5631,2
5632,0
5634,3
5635,3
5637,3
5638,0
5639,0
5641,2
5642,2
5644,0
5645,3
5648,2
5649,0
5650,3
5651,0
5655,0
5657,0
5658,3
5660,3
5661,3
5662,1
5663,0
5664,0
5665,1
5666,0
5667,0
5668,0
5669,3
5670,0
5673,0
5674,0
5675,3
5676,3
5678,1
5679,0
5681,3
5685,2
5686,0
5687,3
5688,3
5691,0
5692,0
5693,3
5694,2
5695,0
5697,1
5700,0
5701,1
5702,0
5703,2
5706,2
5707,3
5708,0
5709,3
5712,3
5713,0
5714,3
5715,2
5717,3
5718,0
5721,0
5722,0
5723,0
5725,2
5728,0
5729,3
5730,0
5731,1
5733,0
5735,3
5736,3
5739,3
5741,3
5742,2
5747,3
5748,0
5750,0
5752,0
5754,0
5755,0
5758,1
5759,0
5760,3
5761,0
5763,2
5764,3
5766,3
5768,1
5770,3
5771,3
5772,3
5773,2
5774,2
5776,3
5777,3
5778,0
5779,3
5781,0
5782,3
5784,2
5786,3
5787,3
5788,2
5789,3
5790,3
5791,0
5792,0
5793,0
5794,3
5795,3
5796,0
5799,3
5800,0
5801,0
5802,3
5803,2
5804,3
5805,0
5806,1
5807,1
5808,3
5809,0
5810,3
5811,3
5812,3
5813,3
5814,0
5816,1
5817,3
5818,3
5819,3
5820,0
5822,3
5824,1
5825,0
5826,0
5827,3
5828,1
5829,1
5830,0
5831,0
5833,0
5835,3
5836,0
5838,0
5839,0
5840,0
5842,0
5843,0
5844,3
5845,0
5846,0
5847,0
5850,2
5851,0
5852,3
5853,1
5854,3
5855,0
5856,0
5857,0
5859,0
5860,3
5862,1
5863,0
5864,0
5865,2
5867,3
5868,0
5869,3
5870,0
5871,0
5872,1
5873,0
5874,0
5876,0
5877,0
5878,0
5879,3
5880,0
5881,3
5882,0
5883,3
5884,0
5885,0
5886,2
5887,0
5888,0
5889,0
5890,0
5892,2
5894,3
5895,0
5897,0
5898,3
5899,0
5901,3
5902,0
5904,3
5905,0
5906,3
5907,3
5908,1
5909,0
5912,1
5913,3
5914,0
5916,0
5917,3
5918,0
5920,0
5921,3
5923,0
5924,3
5925,3
5926,3
5928,0
5929,0
5930,0
5932,1
5935,2
5936,3
5937,0
5938,2
5939,2
5940,3
5941,0
5943,0
5944,0
5945,0
5946,3
5947,3
5948,1
5951,0
5952,3
5953,3
5954,0
5955,3
5956,0
5957,0
5958,0
5959,0
5960,3
5962,3
5963,0
5966,0
5967,1
5968,0
5969,0
5970,0
5971,3
5973,3
5974,0
5976,2
5977,0
5978,3
5980,0
5981,3
5983,0
5984,0
5986,0
5988,0
5990,0
5991,2
5993,3
5994,3
5995,0
5996,1
5997,3
5998,3
6000,0
6001,0
6002,1
6003,0
6004,2
6006,0
6007,0
6008,3
6009,3
6010,0
6013,0
6015,0
6017,3
6018,1
6019,3
6021,0
6022,3
6023,0
6024,3
6026,3
6027,0
6028,3
6029,0
6030,2
6031,1
6032,0
6034,0
6035,0
6040,0
6041,3
6046,1
6047,3
6048,1
6050,3
6051,3
6053,1
6054,0
6055,3
6056,0
6057,3
6059,0
6061,0
6062,0
6063,3
6066,1
6067,1
6068,0
6069,0
6070,3
6071,3
6072,0
6074,3
6076,3
6078,0
6079,3
6081,2
6082,3
6085,0
6087,0
6088,0
6089,0
6091,1
6092,0
6094,3
6096,0
6097,2
6099,1
6100,3
6101,0
6102,1
6103,3
6105,0
6107,0
6108,0
6109,1
6110,0
6111,3
6113,0
6115,1
6116,3
6118,3
6120,0
6121,0
6122,3
6125,3
6127,2
6130,3
6131,0
6133,0
6134,2
6135,0
6136,3
6137,3
6138,3
6139,0
6140,0
6143,0
6144,2
6146,0
6147,0
6148,0
6149,3
6150,0
6151,0
6152,0
6154,1
6156,3
6157,0
6158,2
6159,3
6161,2
6162,3
6164,1
6165,3
6166,2
6167,1
6168,3
6169,0
6170,0
6171,0
6174,0
6176,0
6178,0
6180,3
6181,0
6182,0
6183,2
6184,3
6185,3
6186,0
6187,0
6188,0
6192,0
6193,3
6194,0
6195,0
6196,3
6197,3
6199,3
6200,0
6202,3
6203,0
6204,2
6205,0
6207,0
6208,1
6210,3
6211,3
6212,3
6213,0
6217,0
6218,3
6219,3
6220,2
6222,0
6223,0
6225,0
6226,0
6228,0
6230,0
6231,0
6232,0
6233,3
6234,0
6235,0
6238,0
6239,3
6240,0
6241,0
6242,0
6244,0
6245,3
6246,3
6248,1
6249,0
6250,0
6251,3
6253,0
6254,1
6255,0
6258,0
6259,0
6260,2
6261,0
6262,0
6263,0
6264,3
6265,3
6267,2
6268,2
6269,3
6270,2
6271,3
6273,0
6274,3
6275,0
6276,0
6277,1
6278,2
6281,0
6282,3
6285,0
6286,3
6287,3
6288,1
6289,0
6290,0
6292,3
6293,1
6294,3
6295,3
6297,0
6298,0
6300,0
6301,0
6303,0
6304,0
6305,0
6306,3
6307,3
6308,3
6309,0
6310,0
6311,0
6312,0
6313,0
6314,3
6316,1
6317,0
6318,1
6319,0
6320,3
6321,0
6323,3
6324,0
6326,3
6327,3
6328,3
6329,1
6330,3
6331,0
6332,2
6334,0
6337,3
6338,2
6339,3
6340,0
6341,0
6342,0
6343,0
6345,1
6346,3
6347,3
6349,1
6350,0
6351,3
6352,0
6353,2
6354,3
6358,0
6360,0
6361,2
6362,0
6364,3
6365,1
6366,0
6367,3
6369,0
6373,3
6376,1
6378,0
6379,0
6380,0
6382,1
6383,3
6384,2
6385,0
6386,1
6387,3
6389,2
6390,3
6393,0
6394,0
6395,0
6396,0
6397,3
6398,3
6399,0
6400,0
6401,0
6402,0
6403,1
6404,3
6405,0
6407,0
6408,1
6410,0
6412,0
6414,0
6415,0
6416,3
6417,3
6418,3
6420,3
6421,3
6422,0
6423,0
6424,3
6426,3
6427,0
6428,3
6429,3
6430,0
6431,3
6432,0
6434,3
6435,0
6436,0
6437,1
6438,3
6439,0
6440,3
6441,2
6442,0
6443,1
6446,3
6447,3
6448,0
6449,2
6450,0
6451,3
6453,3
6454,3
6455,0
6457,0
6458,0
6459,0
6460,0
6463,0
6464,3
6466,0
6467,3
6470,0
6471,0
6472,2
6473,0
6474,0
6476,0
6477,0
6478,3
6479,3
6480,3
6481,0
6483,3
6484,0
6485,3
6486,0
6489,1
6490,0
6491,0
6493,3
6494,3
6495,3
6496,0
6497,0
6499,3
6503,0
6505,0
6506,1
6507,0
6508,0
6509,3
6510,3
6515,3
6516,0
6518,0
6519,3
6520,3
6521,3
6522,3
6523,3
6524,0
6525,0
6526,3
6527,0
6528,3
6529,0
6531,0
6532,0
6533,0
6534,1
6538,3
6539,3
6540,0
6543,0
6546,0
6547,0
6550,3
6551,0
6554,3
6555,0
6556,1
6558,1
6559,3
6562,3
6564,3
6565,0
6566,2
6569,0
6570,0
6571,0
6572,3
6573,0
6575,0
6576,2
6578,0
6579,3
6580,0
6582,3
6583,3
6584,1
6585,1
6586,3
6590,0
6592,3
6593,0
6594,0
6595,0
6597,0
6598,1
6600,1
6601,3
6603,0
6606,0
6607,0
6608,3
6609,0
6610,0
6611,0
6612,1
6613,0
6615,3
6616,3
6617,1
6619,3
6620,3
6621,1
6622,3
6623,0
6624,0
6627,0
6628,3
6629,3
6630,0
6631,0
6632,3
6633,3
6634,3
6635,0
6636,0
6638,1
6640,3
6641,2
6642,2
6643,2
6644,3
6645,2
6646,0
6647,0
6648,0
6649,1
6650,0
6651,0
6652,3
6654,0
6655,3
6657,0
6659,0
6660,1
6661,3
6662,3
6665,3
6666,1
6667,0
6668,3
6669,3
6670,3
6671,0
6672,1
6674,3
6675,3
6677,0
6678,2
6679,0
6681,0
6682,2
6683,0
6686,1
6688,0
6693,0
6695,3
6697,0
6698,3
6699,2
6700,3
6701,0
6703,3
6704,0
6705,3
6706,3
6707,0
6713,0
6714,0
6716,0
6718,0
6720,3
6722,0
6724,0
6725,0
6727,3
6728,0
6730,2
6731,3
6732,3
6733,0
6734,0
6736,1
6737,3
6738,2
6739,0
6740,3
6742,0
6744,0
6746,3
6747,1
6748,0
6749,3
6752,0
6754,3
6760,3
6761,3
6762,3
6764,3
6765,0
6766,3
6767,3
6768,3
6769,3
6770,3
6771,3
6772,3
6773,0
6781,0
6782,1
6783,0
6785,2
6786,3
6787,1
6789,3
6790,0
6792,0
6794,0
6795,2
6797,0
6798,3
6799,3
6800,0
6803,3
6804,2
6807,1
6808,3
6810,0
6811,0
6814,0
6815,3
6816,0
6819,3
6820,3
6821,0
6822,3
6823,0
6824,1
6825,3
6826,3
6827,0
6828,3
6829,3
6830,3
6831,0
6832,3
6833,3
6834,3
6836,1
6837,0
6839,1
6840,0
6841,3
6845,3
6846,0
6848,0
6849,0
6850,3
6851,0
6852,3
6854,3
6855,3
6856,0
6857,3
6858,0
6859,3
6860,3
6863,0
6864,0
6866,3
6867,0
6872,2
6873,0
6875,1
6877,0
6878,0
6879,0
6880,0
6881,0
6882,0
6883,0
6884,0
6885,0
6886,0
6887,3
6889,0
6892,0
6893,3
6895,0
6896,0
6897,1
6898,1
6900,3
6901,0
6902,0
6903,0
6904,0
6905,3
6906,1
6908,0
6909,1
6910,0
6911,0
6912,3
6913,3
6914,3
6917,0
6918,2
6919,0
6921,3
6924,0
6926,0
6927,3
6929,3
6930,0
6932,3
6933,3
6935,0
6936,3
6937,0
6939,0
6941,0
6942,0
6943,0
6944,1
6946,3
6947,3
6948,0
6950,0
6951,0
6953,3
6954,0
6955,0
6957,0
6958,3
6959,0
6960,3
6962,3
6963,0
6965,3
6966,3
6969,0
6970,0
6971,1
6972,0
6973,3
6974,0
6975,0
6976,0
6977,0
6981,0
6983,1
6984,0
6986,0
6987,0
6989,0
6990,3
6991,1
6992,3
6993,0
6994,3
6995,0
6996,3
6997,2
6998,0
7000,1
7001,1
7002,0
7004,0
7006,1
7008,3
7009,0
7011,0
7013,3
7014,0
7016,1
7017,3
7019,0
7020,3
7021,3
7023,0
7024,1
7025,3
7030,0
7031,0
7032,0
7037,0
7038,3
7039,3
7040,0
7041,3
7043,0
7044,0
7045,0
7046,1
7048,1
7051,1
7052,1
7053,2
7058,1
7059,0
7060,3
7061,1
7062,3
7063,3
7064,0
7065,0
7066,3
7067,3
7068,0
7069,1
7070,0
7071,0
7073,3
7074,3
7075,2
7077,3
7078,0
7079,0
7080,3
7081,0
7082,0
7083,0
7085,0
7087,1
7088,3
7089,0
7090,0
7091,1
7093,3
7094,3
7095,1
7097,3
7099,0
7100,0
7101,3
7102,3
7103,3
7104,3
7105,3
7106,3
7107,1
7110,2
7112,0
7114,0
7115,0
7117,0
7119,0
7120,1
7123,3
7124,2
7126,2
7127,3
7128,1
7129,0
7130,0
7131,3
7132,0
7133,0
7136,3
7138,3
7139,3
7140,0
7141,0
7142,1
7143,3
7145,1
7146,3
7148,0
7152,0
7153,0
7155,3
7156,3
7158,3
7159,1
7160,0
7161,1
7162,0
7163,2
7164,1
7167,0
7168,0
7169,3
7170,3
7171,3
7172,3
7173,0
7174,3
7175,1
7176,0
7177,3
7178,0
7179,3
7180,0
7181,3
7182,1
7185,2
7186,0
7187,2
7188,0
7190,3
7191,0
7192,1
7193,0
7195,3
7196,0
7198,0
7200,0
7202,0
7204,3
7205,0
7206,3
7207,3
7208,0
7209,0
7213,0
7215,0
7217,0
7218,0
7219,0
7222,2
7223,3
7224,0
7225,1
7226,3
7227,0
7228,0
7229,0
7231,0
7232,3
7233,0
7236,0
7237,0
7238,0
7239,0
7241,0
7242,3
7243,0
7244,0
7245,0
7247,0
7249,0
7250,3
7252,3
7254,3
7255,1
7256,0
7257,1
7259,0
7260,3
7261,0
7262,0
7264,3
7267,1
7268,3
7269,0
7270,2
7271,3
7272,2
7274,0
7277,0
7278,0
7279,0
7281,3
7282,3
7284,3
7285,1
7286,0
7287,1
7288,0
7289,0
7290,3
7291,3
7292,3
7293,2
7294,2
7295,0
7298,0
7300,0
7301,0
7303,0
7305,1
7310,0
7311,0
7312,0
7313,3
7314,0
7316,0
7317,3
7318,2
7320,3
7321,2
7322,0
7324,0
7325,0
7326,3
7328,0
7330,2
7332,0
7334,0
7335,0
7336,0
7337,3
7338,3
7339,1
7340,0
7341,0
7342,0
7345,3
7346,2
7347,0
7348,0
7349,0
7351,3
7352,0
7354,0
7359,3
7360,0
7361,0
7362,0
7363,0
7364,2
7365,3
7366,3
7367,3
7368,3
7369,0
7370,0
7371,1
7373,0
7374,3
7375,0
7376,2
7378,3
7380,3
7381,3
7382,0
7384,0
7385,3
7386,3
7387,3
7388,3
7390,2
7391,3
7392,0
7393,0
7394,3
7395,1
7396,0
7397,0
7398,0
7400,3
7401,3
7402,0
7403,0
7404,3
7405,0
7406,1
7412,0
7415,0
7416,0
7418,2
7421,1
7422,1
7423,3
7425,0
7426,1
7428,3
7429,3
7430,0
7431,0
7432,1
7433,3
7434,3
7436,0
7437,0
7439,3
7440,0
7441,3
7442,0
7443,3
7447,2
7448,0
7450,1
7452,0
7454,1
7456,0
7458,0
7459,0
7460,1
7463,0
7465,3
7467,0
7468,0
7471,3
7472,3
7477,0
7478,0
7479,0
7484,1
7486,3
7487,0
7489,3
7490,3
7491,3
7492,3
7494,0
7496,0
7498,0
7501,0
7502,0
7503,3
7504,0
7505,2
7506,0
7507,1
7508,1
7509,3
7511,0
7513,0
7514,3
7515,0
7516,3
7517,3
7518,2
7519,0
7520,0
7522,0
7523,0
7524,2
7527,3
7528,3
7530,0
7531,0
7534,0
7535,0
7536,0
7537,3
7538,0
7539,3
7540,0
7543,1
7546,0
7548,0
7549,0
7550,0
7551,0
7553,3
7554,0
7556,3
7561,0
7562,0
7564,3
7566,0
7567,0
7569,0
7571,0
7572,0
7573,0
7574,0
7575,3
7577,0
7578,1
7580,0
7585,0
7588,0
7591,3
7592,0
7593,0
7594,0
7595,0
7596,0
7598,0
7601,0
7603,0
7604,0
7607,0
7609,0
7610,0
7611,0
7612,0
7615,0
7617,0
7618,0
7619,0
7620,0
7623,0
7625,0
7626,0
7633,1
7634,0
7639,0
7640,3
7641,0
7643,3
7645,0
7646,3
7647,3
7649,0
7650,0
7651,0
7654,0
7655,0
7656,0
7657,0
7658,3
7660,2
7662,0
7666,0
7667,3
7669,3
7670,3
7672,0
7673,0
7675,0
7676,0
7677,0
7679,0
7680,0
7681,3
7682,0
7685,2
7686,0
7688,0
7691,0
7692,0
7693,0
7694,0
7695,0
7696,0
7700,0
7701,0
7702,1
7704,0
7707,3
7709,0
7710,0
7712,0
7713,0
7714,0
7718,0
7721,0
7723,0
7725,0
7727,3
7728,0
7732,3
7736,0
7737,0
7738,3
7739,0
7741,0
7742,0
7746,0
7748,0
7749,0
7750,0
7751,0
7752,0
7753,0
7754,0
7757,3
7759,0
7762,0
7763,0
7767,0
7768,3
7770,3
7772,0
7776,3
7777,0
7781,0
7783,0
7784,3
7785,3
7786,0
7788,1
7789,3
7791,0
7793,0
7794,0
7797,0
7802,3
7804,0
7805,0
7806,0
7807,3
7808,0
7809,2
7810,0
7813,1
7814,3
7816,3
7817,0
7819,0
7821,0
7823,0
7829,3
7832,0
7833,0
7834,3
7836,0
7841,0
7842,3
7845,0
7846,0
7849,0
7850,0
7851,0
7854,0
7855,0
7861,0
7862,3
7863,0
7864,0
7866,3
7867,0
7868,0
7869,0
7870,0
7871,3
7872,0
7873,0
7874,0
7877,0
7878,3
7879,2
7885,3
7886,0
7887,0
7889,0
7890,0
7891,0
7894,0
7899,1
7900,0
7903,0
7911,3
7913,1
7914,0
7916,0
7917,0
7918,1
7920,0
7921,0
7922,0
7924,0
7926,0
7929,0
7930,0
7931,0
7932,0
7933,0
7936,0
7937,0
7942,3
7944,3
7945,0
7946,0
7948,0
7951,0
7952,0
7954,0
7956,0
7957,3
7958,0
7959,0
7963,0
7964,0
7965,0
7966,0
7967,1
7969,0
7970,0
7972,0
7974,0
7975,3
7976,0
7977,0
7978,0
7980,1
7984,0
7985,0
7986,0
7988,0
7989,0
7991,3
7994,0
7996,3
7997,3
7998,0
7999,3
8000,0
8001,0
8004,0
8006,0
8007,0
8008,0
8011,2
8012,0
8016,0
8019,0
8023,0
8026,0
8028,0
8030,0
8031,0
8032,0
8033,0
8034,3
8035,0
8037,2
8041,3
8042,3
8043,3
8046,0
8050,0
8051,0
8052,0
8056,0
8058,3
8060,0
8062,0
8063,0
8064,0
8067,0
8068,0
8072,3
8075,0
8076,0
8077,3
8082,0
8083,3
8084,0
8086,0
8087,3
8088,0
8089,0
8090,0
8092,0
8094,3
8096,3
8098,3
8099,3
8100,0
8101,0
8107,0
8108,0
8110,0
8112,0
8113,0
8114,0
8115,0
8116,3
8120,0
8122,0
8124,0
8126,3
8127,0
8131,0
8132,3
8134,0
8135,0
8136,0
8140,3
8142,3
8143,3
8145,3
8146,0
8147,0
8148,0
8149,0
8152,0
8153,3
8159,0
8164,0
8169,3
8170,0
8171,3
8173,1
8176,0
8177,0
8181,0
8182,0
8186,3
8188,2
8189,3
8193,3
8194,0
8199,0
8200,0
8201,0
8202,1
8203,3
8204,0
8205,0
8206,0
8207,0
8209,3
8210,0
8211,0
8212,0
8214,0
8215,3
8217,0
8220,0
8222,3
8223,3
8224,3
8226,0
8227,3
8228,0
8231,2
8232,0
8236,0
8239,1
8240,1
8241,0
8242,0
8246,0
8249,1
8250,3
8251,0
8253,1
8254,0
8255,0
8256,3
8257,1
8261,0
8262,0
8263,2
8264,3
8265,2
8266,0
8268,3
8269,0
8270,0
8271,0
8273,0
8276,0
8278,1
8280,0
8281,0
8282,0
8284,0
8285,3
8286,0
8290,0
8291,2
8292,0
8293,3
8294,0
8295,0
8296,0
8298,1
8299,0
8300,1
8303,3
8304,3
8305,0
8306,0
8307,0
8308,0
8313,0
8314,2
8316,3
8318,0
8319,3
8320,0
8322,0
8325,0
8326,3
8327,0
8328,0
8329,0
8330,3
8333,3
8334,0
8337,0
8339,0
8340,0
8341,2
8342,0
8343,3
8344,0
8345,0
8346,0
8347,0
8349,0
8350,0
8351,0
8352,0
8353,3
8354,0
8355,0
8356,3
8358,0
8360,0
8362,3
8363,0
8366,2
8370,0
8371,0
8374,2
8375,0
8376,2
8377,0
8382,0
8383,0
8385,0
8386,0
8387,0
8389,0
8390,0
8392,2
8394,3
8397,0
8398,0
8402,0
8403,0
8404,2
8405,3
8406,0
8409,0
8410,0
8411,1
8413,0
8414,0
8415,0
8417,2
8419,0
8421,2
8422,3
8423,0
8424,3
8425,3
8428,3
8429,0
8430,3
8432,2
8433,0
8434,0
8438,0
8440,0
8441,3
8443,0
8444,0
8445,0
8446,0
8447,1
8449,3
8451,0
8452,3
8453,2
8454,3
8455,0
8456,0
8457,0
8458,0
8460,0
8461,3
8462,0
8463,2
8465,2
8467,0
8469,3
8470,3
8471,3
8472,0
8474,0
8475,0
8477,0
8479,3
8480,2
8481,0
8482,3
8483,2
8484,0
8485,0
8486,0
8487,0
8493,0
8494,3
8496,0
8497,0
8499,0
8503,0
8504,0
8505,3
8506,0
8508,3
8509,0
8510,3
8512,0
8515,0
8516,3
8517,3
8519,0
8520,0
8522,1
8523,0
8532,0
8534,3
8535,3
8538,2
8539,3
8540,0
8542,3
8544,0
8546,0
8547,2
8548,3
8549,0
8550,0
8551,0
8553,0
8554,0
8555,0
8556,3
8558,0
8559,0
8561,3
8562,3
8563,0
8566,0
8567,0
8568,0
8572,0
8573,3
8576,0
8577,3
8580,2
8582,3
8583,0
8589,2
8590,2
8591,3
8592,3
8593,0
8595,0
8596,0
8599,0
8601,3
8603,0
8607,0
8608,0
8612,0
8613,0
8614,0
8615,0
8618,0
8621,0
8623,0
8625,0
8628,3
8629,0
8630,0
8632,1
8633,0
8637,3
8638,2
8639,0
8640,0
8642,2
8643,2
8645,3
8646,0
8647,1
8648,0
8649,0
8651,3
8652,0
8653,3
8654,2
8656,3
8658,0
8659,3
8660,3
8661,1
8662,0
8665,3
8666,3
8667,3
8669,0
8671,3
8672,0
8676,0
8677,0
8678,0
8680,3
8682,3
8683,0
8685,2
8686,1
8688,3
8691,0
8694,3
8695,1
8696,0
8697,0
8699,1
8700,1
8701,1
8702,3
8704,0
8706,3
8707,0
8708,0
8710,0
8711,0
8712,0
8714,3
8715,0
8716,2
8719,0
8720,3
8721,3
8722,0
8723,0
8725,2
8727,2
8729,0
8730,2
8732,0
8735,2
8736,0
8737,3
8738,0
8739,0
8741,1
8742,0
8746,0
8747,1
8748,0
8749,0
8751,3
8753,3
8754,3
8755,0
8756,3
8757,3
8759,1
8760,1
8764,1
8765,0
8766,0
8767,3
8768,0
8769,1
8770,0
8771,0
8772,0
8774,0
8775,0
8779,1
8780,1
8782,0
8783,1
8785,0
8786,0
8787,0
8791,0
8793,0
8794,0
8795,3
8798,0
8799,0
8800,0
8801,0
8803,0
8804,1
8806,0
8807,3
8808,3
8811,0
8812,0
8813,0
8815,1
8816,3
8818,0
8819,0
8820,1
8821,2
8822,0
8823,0
8824,0
8826,3
8827,3
8830,2
8831,0
8832,1
8833,3
8836,1
8837,2
8838,1
8840,0
8841,0
8842,0
8846,0
8847,0
8848,0
8849,0
8850,3
8851,0
8852,0
8857,1
8858,0
8860,0
8861,3
8862,3
8863,2
8866,0
8867,3
8868,3
8869,3
8870,3
8873,0
8874,3
8876,3
8877,3
8878,1
8879,3
8880,3
8881,3
8883,0
8886,0
8889,3
8890,0
8891,0
8892,3
8893,1
8894,3
8895,0
8896,0
8897,0
8899,0
8900,3
8901,1
8902,0
8903,2
8905,1
8907,1
8908,2
8911,0
8913,3
8915,3
8916,1
8917,0
8918,0
8920,3
8924,0
8926,0
8927,0
8928,2
8929,3
8930,0
8931,0
8932,0
8934,0
8935,3
8937,0
8938,3
8939,1
8940,3
8941,0
8942,3
8943,0
8944,0
8947,0
8948,3
8949,2
8951,0
8952,3
8953,2
8954,0
8955,0
8956,0
8958,0
8959,3
8961,1
8964,0
8966,0
8967,3
8968,0
8969,3
8970,0
8972,3
8973,3
8975,0
8976,0
8978,3
8980,3
8982,0
8983,0
8987,0
8988,0
8991,3
8994,3
8997,3
8998,0
8999,0
9002,1
9003,0
9004,2
9007,0
9009,0
9011,3
9014,1
9015,3
9016,1
9018,0
9020,0
9021,3
9022,3
9023,3
9024,0
9026,3
9027,3
9028,0
9031,0
9032,0
9033,0
9037,0
9038,3
9040,0
9042,2
9043,3
9044,3
9045,3
9046,0
9047,0
9049,0
9050,3
9055,3
9056,3
9057,0
9059,1
9061,0
9062,0
9063,0
9065,3
9066,3
9067,3
9068,2
9069,3
9070,0
9071,0
9072,3
9079,0
9081,0
9085,0
9088,3
9089,0
9091,0
9092,0
9093,1
9094,0
9095,0
9096,0
9098,0
9099,0
9101,0
9102,3
9103,3
9104,3
9106,1
9107,3
9108,0
9109,3
9114,3
9116,2
9117,3
9119,0
9120,0
9122,0
9124,0
9125,2
9126,0
9127,0
9128,3
9130,2
9131,1
9132,3
9133,0
9134,0
9136,2
9138,1
9140,0
9141,3
9143,3
9144,0
9146,0
9148,0
9150,0
9156,3
9157,3
9158,3
9159,0
9162,0
9166,0
9167,3
9168,0
9170,0
9171,0
9172,0
9173,3
9176,2
9178,0
9179,0
9180,2
9181,3
9184,3
9187,3
9188,0
9189,0
9190,0
9191,0
9193,3
9196,0
9197,1
9198,3
9199,0
9200,2
9202,2
9203,1
9204,0
9206,0
9207,0
9208,0
9209,0
9210,3
9211,0
9213,0
9214,0
9220,1
9223,2
9224,3
9227,0
9228,3
9231,3
9234,3
9240,3
9241,0
9242,3
9244,3
9245,3
9247,0
9248,1
9250,0
9253,0
9254,0
9257,3
9258,2
9259,0
9260,0
9261,0
9262,3
9263,3
9265,1
9267,0
9269,0
9270,0
9271,0
9273,3
9274,0
9275,2
9277,3
9278,0
9281,0
9283,3
9284,3
9285,0
9286,3
9288,0
9289,3
9290,0
9291,0
9292,0
9293,0
9294,3
9296,3
9297,3
9298,0
9302,3
9303,0
9308,3
9311,3
9312,1
9314,0
9315,3
9316,2
9318,0
9319,0
9320,1
9322,3
9323,0
9325,3
9328,1
9330,0
9331,3
9332,0
9333,0
9334,0
9337,0
9338,3
9339,3
9340,0
9341,0
9342,0
9343,3
9344,3
9347,0
9348,3
9349,0
9352,3
9353,1
9354,0
9357,0
9358,0
9360,0
9361,3
9362,0
9363,0
9364,0
9365,3
9366,3
9370,0
9371,2
9372,1
9373,0
9374,0
9375,3
9376,3
9377,3
9378,0
9379,3
9380,0
9381,1
9382,3
9383,0
9385,1
9386,3
9387,0
9388,3
9389,0
9390,3
9391,0
9392,3
9394,3
9395,3
9396,3
9398,0
9399,0
9400,3
9401,0
9403,0
9404,0
9406,3
9408,1
9410,3
9418,0
9421,3
9422,0
9424,0
9425,3
9427,0
9429,0
9430,0
9432,3
9433,3
9434,0
9436,3
9437,2
9439,0
9440,3
9441,3
9443,0
9444,2
9446,3
9447,0
9448,1
9449,0
9451,3
9455,0
9456,0
9457,0
9460,3
9462,2
9464,0
9466,3
9468,3
9469,3
9470,0
9471,0
9472,3
9473,0
9474,1
9475,3
9478,3
9482,0
9483,0
9484,0
9485,0
9486,1
9487,3
9488,1
9489,0
9491,0
9492,3
9494,1
9496,1
9497,0
9498,0
9499,0
9500,3
9501,0
9502,1
9503,0
9504,3
9506,2
9507,2
9510,1
9512,0
9514,1
9515,0
9516,2
9517,1
9518,0
9520,3
9521,0
9524,0
9525,3
9526,0
9528,0
9529,0
9531,0
9532,1
9533,3
9535,0
9536,0
9540,0
9541,1
9546,3
9547,3
9548,0
9550,3
9551,3
9552,3
9553,2
9555,0
9556,1
9557,0
9559,1
9560,0
9561,0
9562,3
9565,3
9566,0
9567,3
9569,0
9570,3
9571,0
9573,3
9574,0
9575,0
9576,3
9577,0
9578,1
9580,0
9581,2
9584,3
9585,0
9587,0
9588,0
9589,1
9592,0
9594,3
9596,0
9598,1
9599,1
9601,3
9602,3
9603,0
9605,0
9606,1
9607,0
9608,3
9609,2
9610,0
9611,1
9612,0
9613,0
9615,0
9616,3
9618,3
9619,0
9620,0
9622,0
9623,0
9625,3
9626,3
9627,0
9629,3
9630,0
9631,3
9633,0
9634,0
9635,0
9637,0
9638,3
9643,0
9644,3
9645,3
9646,3
9647,0
9648,0
9649,3
9650,3
9651,0
9652,3
9654,1
9655,0
9656,0
9657,1
9659,0
9661,0
9662,3
9663,1
9664,3
9665,0
9666,0
9671,0
9674,3
9675,0
9676,0
9677,0
9678,0
9680,1
9681,0
9682,2
9683,0
9684,0
9685,2
9687,1
9688,1
9689,0
9690,0
9691,0
9692,3
9693,3
9694,1
9696,0
9701,0
9702,1
9703,3
9705,0
9706,0
9707,0
9709,2
9710,2
9711,1
9712,0
9713,0
9714,0
9715,2
9716,0
9719,0
9720,0
9722,0
9726,3
9729,0
9730,0
9731,0
9733,0
9735,1
9736,2
9738,0
9739,0
9741,2
9742,0
9743,3
9745,0
9749,3
9750,3
9753,0
9754,0
9755,0
9756,1
9758,0
9760,0
9762,2
9763,3
9764,0
9765,3
9766,0
9767,1
9768,1
9769,3
9770,0
9771,3
9773,0
9776,3
9777,3
9778,0
9780,0
9781,0
9783,0
9785,3
9786,0
9788,0
9789,3
9790,3
9791,3
9793,2
9795,3
9798,3
9799,0
9801,3
9802,2
9803,3
9804,0
9809,3
9810,0
9812,3
9814,3
9815,0
9816,3
9818,0
9819,3
9820,1
9822,2
9824,0
9825,0
9826,0
9827,3
9828,3
9831,0
9834,0
9836,0
9840,3
9841,0
9844,0
9845,3
9846,1
9847,0
9848,1
9851,1
9852,1
9853,0
9854,0
9855,0
9856,3
9857,0
9858,0
9859,3
9860,2
9861,3
9862,3
9865,0
9866,1
9867,0
9868,3
9869,0
9871,3
9872,2
9873,0
9875,3
9876,0
9877,3
9878,3
9879,1
9880,0
9882,3
9884,3
9887,3
9888,3
9889,0
9890,0
9891,1
9892,0
9893,0
9895,0
9897,0
9899,1
9901,3
9902,2
9903,0
9906,0
9907,2
9908,3
9909,3
9910,3
9911,3
9912,0
9915,0
9916,2
9917,2
9921,3
9922,0
9924,3
9927,0
9929,2
9930,0
9932,0
9934,0
9935,2
9936,3
9939,1
9941,0
9943,0
9945,3
9946,0
9947,0
9948,3
9949,3
9950,3
9951,0
9952,0
9953,0
9956,2
9957,3
9958,0
9960,0
9961,3
9962,0
9963,2
9964,1
9965,0
9966,0
9967,1
9968,0
9969,0
9973,3
9974,1
9975,0
9978,3
9979,2
9980,1
9982,0
9983,1
9985,2
9986,3
9987,0
9988,0
9989,3
9990,0
9992,1
9994,0
9995,0
9999,3
10001,3
10003,1
10006,0
10007,0
10008,3
10010,3
10012,3
10013,0
10015,0
10016,3
10017,0
10019,3
10020,1
10021,3
10022,3
10023,0
10024,3
10025,2
10027,0
10028,3
10029,3
10033,3
10035,0
10040,2
10041,2
10042,1
10043,0
10044,0
10046,3
10049,0
10050,3
10052,1
10054,0
10055,3
10057,0
10058,0
10059,0
10060,1
10062,0
10063,0
10064,2
10065,0
10066,0
10067,3
10068,0
10069,2
10070,1
10071,0
10072,3
10073,0
10074,0
10075,3
10076,0
10077,1
10078,0
10079,3
10082,3
10083,0
10084,0
10085,3
10086,3
10087,1
10089,0
10090,3
10091,2
10093,2
10094,1
10095,0
10096,0
10097,0
10098,0
10100,0
10101,1
10102,1
10104,3
10105,3
10107,0
10108,3
10109,0
10110,0
10111,0
10114,0
10115,3
10117,0
10118,3
10122,1
10123,0
10126,1
10127,0
10128,0
10130,3
10131,3
10132,3
10134,1
10135,3
10136,3
10139,0
10142,0
10143,0
10146,0
10147,2
10148,0
10151,3
10152,0
10153,3
10154,0
10155,0
10156,0
10157,0
10158,0
10159,1
10160,3
10161,0
10162,1
10164,0
10165,3
10166,0
10167,3
10168,3
10171,0
10172,3
10179,0
10180,3
10181,3
10182,2
10183,1
10185,0
10186,0
10187,3
10188,0
10190,2
10191,0
10192,1
10194,0
10195,1
10198,1
10200,0
10201,3
10202,1
10203,0
10206,1
10208,0
10209,1
10211,0
10212,3
10214,3
10216,3
10218,0
10219,0
10223,3
10224,0
10225,3
10226,0
10228,0
10230,0
10231,3
10233,0
10234,0
10235,1
10237,3
10238,0
10239,3
10240,0
10241,0
10243,0
10244,1
10247,0
10248,3
10249,3
10250,0
10251,2
10252,0
10253,0
10255,1
10257,0
10258,1
10259,0
10264,3
10265,1
10268,1
10269,3
10272,3
10273,1
10274,0
10275,3
10278,1
10280,0
10281,0
10282,0
10283,0
10284,1
10286,3
10287,0
10289,2
10292,1
10293,3
10296,0
10297,2
10300,3
10301,0
10302,3
10303,0
10304,0
10305,3
10306,3
10308,0
10310,0
10311,1
10312,2
10314,0
10315,0
10316,0
10317,3
10318,0
10321,3
10322,3
10323,3
10324,3
10326,0
10327,1
10329,3
10330,0
10331,2
10334,3
10336,0
10339,0
10340,0
10341,3
10345,0
10346,0
10347,0
10348,0
10349,0
10350,3
10352,0
10353,2
10355,3
10356,0
10357,1
10358,3
10359,2
10360,3
10363,0
10364,0
10365,0
10366,2
10367,3
10368,0
10369,3
10371,3
10372,1
10373,3
10374,3
10375,3
10376,3
10377,3
10378,3
10379,1
10380,1
10381,3
10382,0
10383,3
10385,0
10387,2
10388,1
10389,0
10390,3
10391,0
10393,3
10398,0
10399,3
10400,0
10401,3
10402,3
10403,3
10404,1
10408,2
10409,3
10410,3
10411,0
10413,0
10414,2
10416,0
10417,0
10418,2
10419,3
10421,3
10422,3
10423,3
10424,3
10425,1
10427,3
10428,0
10429,0
10430,0
10431,3
10433,0
10434,0
10435,1
10440,2
10441,0
10442,2
10443,0
10444,3
10445,2
10447,1
10448,3
10449,3
10450,2
10451,0
10452,2
10453,2
10454,1
10455,3
10456,0
10457,3
10458,3
10460,3
10461,0
10464,1
10465,2
10467,1
10468,0
10469,3
10470,0
10471,0
10473,3
10474,0
10476,3
10477,3
10478,0
10479,0
10480,0
10481,0
10482,3
10483,2
10486,2
10488,0
10490,0
10491,3
10492,3
10493,3
10494,2
10495,1
10497,3
10498,3
10499,3
10500,3
10501,1
10502,1
10503,0
10504,3
10505,0
10506,0
10508,3
10510,3
10512,0
10513,3
10514,3
10516,1
10517,3
10518,0
10519,0
10520,1
10521,0
10523,2
10527,0
10529,0
10530,3
10531,3
10532,0
10533,0
10534,3
10535,0
10537,2
10538,3
10541,0
10545,0
10546,2
10547,3
10548,0
10553,1
10555,3
10557,0
10560,1
10561,0
10562,0
10563,3
10564,3
10565,3
10567,0
10568,3
10570,1
10571,2
10574,0
10575,1
10576,3
10577,3
10579,0
10580,0
10581,0
10582,0
10583,1
10584,0
10585,0
10586,0
10587,0
10589,3
10590,1
10591,0
10592,0
10593,3
10594,0
10596,1
10599,3
10600,0
10601,0
10604,0
10605,3
10607,2
10610,3
10611,0
10612,3
10614,3
10615,0
10617,1
10618,0
10619,0
10620,3
10622,0
10624,0
10626,3
10627,2
10628,3
10630,1
10631,0
10632,0
10633,0
10635,3
10636,0
10637,2
10638,0
10639,0
10641,1
10642,0
10643,0
10644,1
10645,0
10646,3
10647,3
10648,3
10649,3
10650,3
10651,0
10652,3
10653,0
10654,1
10658,0
10659,0
10661,3
10662,2
10663,1
10664,2
10665,0
10666,1
10667,0
10668,3
10671,0
10672,1
10673,0
10674,3
10675,0
10679,1
10683,0
10684,3
10685,2
10686,0
10687,0
10688,3
10689,0
10690,1
10692,3
10695,0
10697,3
10698,3
10699,2
10700,3
10701,0
10702,1
10703,0
10704,1
10705,0
10706,1
10708,3
10709,3
10710,0
10711,3
10712,1
10715,1
10718,0
10719,3
10720,0
10724,3
10726,0
10727,0
10728,0
10729,0
10731,1
10733,3
10734,0
10736,2
10737,0
10738,3
10739,2
10741,0
10742,2
10745,3
10746,3
10747,2
10748,0
10752,0
10753,0
10754,3
10755,3
10756,2
10758,0
10759,0
10761,0
10763,1
10764,1
10765,0
10768,0
10770,3
10772,3
10776,3
10777,0
10778,3
10779,0
10780,0
10781,1
10784,2
10785,2
10786,0
10787,3
10789,1
10793,3
10794,0
10795,3
10796,0
10798,0
10799,2
10800,0
10801,1
10803,0
10804,3
10807,1
10808,3
10809,0
10810,3
10811,0
10813,3
10815,3
10816,0
10817,3
10818,0
10819,0
10820,3
10821,2
10822,0
10826,3
10828,3
10830,3
10831,0
10832,3
10833,2
10834,1
10835,1
10837,0
10839,0
10840,0
10841,3
10845,1
10847,0
10848,0
10849,0
10851,0
10852,3
10853,1
10854,0
10860,0
10862,3
10863,1
10864,1
10865,3
10866,3
10867,0
10868,0
10870,0
10871,3
10872,1
10873,0
10876,0
10878,3
10880,0
10881,0
10882,3
10883,3
10884,0
10886,0
10887,1
10888,0
10889,1
10890,3
10892,0
10893,3
10894,0
10896,3
10897,3
10898,3
10899,1
10901,0
10902,0
10903,3
10904,3
10905,1
10906,0
10907,0
10909,3
10910,3
10911,0
10912,0
10914,0
10915,1
10920,3
10921,2
10922,3
10923,0
10924,3
10926,1
10927,2
10929,3
10930,1
10934,0
10935,0
10938,3
10940,3
10941,3
10942,0
10943,3
10944,1
10945,0
10946,0
10947,2
10948,3
10951,3
10955,3
10956,3
10957,0
10961,0
10964,0
10968,2
10969,0
10971,2
10973,0
10975,0
10976,3
10977,3
10980,0
10982,3
10985,0
10986,0
10987,1
10989,3
10990,3
10991,0
10993,0
10994,3
10995,0
10996,1
10998,0
10999,3
11000,0
11001,0
11003,3
11004,0
11005,0
11009,0
11014,0
11015,1
11016,0
11018,1
11020,3
11021,0
11022,0
11023,3
11026,0
11027,2
11028,1
11029,0
11030,3
11034,3
11038,1
11039,3
11040,0
11041,2
11042,3
11043,3
11044,0
11045,0
11046,1
11047,0
11048,0
11049,0
11050,0
11051,3
11052,2
11054,0
11059,0
11060,3
11061,2
11062,3
11063,3
11064,0
11065,3
11066,0
11067,3
11069,3
11072,0
11073,3
11074,3
11075,2
11076,3
11077,2
11078,3
11079,0
11080,0
11081,0
11083,3
11085,3
11086,3
11091,0
11093,2
11095,0
11096,3
11098,1
11099,0
11100,2
11102,0
11103,0
11104,0
11108,0
11109,0
11110,3
11111,0
11112,3
11113,0
11114,3
11115,0
11116,3
11119,0
11121,1
11122,0
11124,1
11125,3
11128,2
11129,2
11130,1
11131,0
11132,0
11136,0
11138,0
11139,0
11140,0
11143,0
11144,0
11147,0
11148,3
11149,1
11152,2
11154,0
11155,1
11156,0
11157,0
11158,2
11159,0
11160,3
11161,2
11162,3
11163,3
11164,1
11165,1
11166,0
11167,0
11168,0
11169,2
11170,0
11171,2
11173,2
11174,3
11175,0
11176,1
11178,0
11181,3
11182,3
11184,1
11187,3
11190,0
11191,0
11192,3
11194,0
11196,1
11197,2
11198,0
11201,1
11202,0
11204,3
11205,1
11206,0
11208,2
11209,0
11210,3
11211,0
11212,0
11213,3
11214,0
11216,0
11218,3
11219,3
11221,0
11223,3
11224,1
11225,0
11226,3
11227,0
11229,3
11231,2
11233,0
11234,0
11236,0
11237,0
11241,0
11242,2
11244,0
11245,1
11246,3
11247,3
11249,0
11252,3
11253,0
11255,1
11256,1
11257,0
11259,3
11260,0
11263,1
11264,0
11265,1
11266,0
11269,3
11270,0
11272,0
11273,3
11274,3
11276,0
11277,3
11280,1
11281,0
11282,2
11284,1
11287,3
11288,0
11289,2
11290,0
11291,0
11294,0
11295,0
11296,3
11299,0
11300,0
11301,3
11305,0
11307,1
11308,0
11309,0
11310,3
11311,2
11313,0
11314,0
11315,0
11316,0
11318,0
11319,3
11321,1
11322,0
11324,0
11325,1
11326,1
11328,0
11330,0
11331,1
11334,3
11335,0
11336,0
11337,0
11338,2
11341,1
11342,0
11343,0
11344,3
11345,3
11347,0
11348,0
11349,0
11351,0
11353,3
11354,0
11356,0
11357,3
11358,3
11359,0
11360,3
11365,3
11367,0
11368,3
11369,1
11370,3
11371,0
11373,0
11374,0
11375,1
11376,0
11377,2
11378,3
11379,2
11381,1
11382,0
11383,3
11384,0
11386,1
11387,3
11388,1
11389,0
11392,0
11393,0
11399,3
11400,0
11401,1
11402,3
11403,0
11405,3
11406,1
11408,1
11409,0
11410,3
11411,0
11413,0
11414,1
11416,0
11418,3
11420,1
11421,3
11422,0
11423,1
11424,3
11425,3
11426,3
11428,0
11431,0
11433,2
11434,1
11435,0
11437,0
11439,2
11444,0
11445,0
11446,3
11447,1
11449,0
11450,3
11451,3
11452,3
11454,0
11457,0
11459,0
11460,3
11461,2
11462,0
11464,3
11466,3
11468,3
11470,0
11472,0
11475,0
11476,0
11477,0
11478,0
11479,3
11480,0
11481,3
11482,3
11483,0
11484,0
11485,2
11486,0
11487,0
11488,3
11489,0
11490,0
11493,3
11494,2
11495,1
11498,3
11499,0
11500,0
11502,3
11504,1
11505,3
11506,0
11507,0
11510,0
11512,1
11513,0
11515,3
11517,3
11518,0
11519,2
11521,0
11522,2
11523,3
11525,3
11526,3
11527,0
11528,0
11529,1
11530,0
11531,0
11533,3
11535,0
11536,0
11537,3
11538,1
11539,1
11540,0
11544,0
11545,0
11549,0
11550,0
11551,0
11553,1
11554,0
11556,0
11557,1
11558,0
11560,3
11561,3
11562,0
11564,3
11565,0
11567,0
11568,3
11570,3
11571,3
11572,0
11574,0
11575,0
11576,3
11577,0
11579,1
11581,0
11582,0
11584,0
11585,1
11587,3
11588,0
11589,0
11590,0
11592,3
11595,3
11596,3
11597,3
11598,0
11599,0
11601,0
11602,1
11606,3
11607,0
11608,3
11609,2
11610,0
11613,3
11615,3
11616,1
11617,0
11620,1
11622,0
11623,0
11626,0
11627,1
11628,0
11629,0
11630,1
11631,0
11633,3
11635,2
11636,1
11639,0
11642,3
11643,1
11644,3
11645,3
11647,1
11649,0
11652,0
11653,1
11654,0
11655,0
11656,1
11657,3
11659,0
11660,0
11661,0
11662,0
11663,3
11666,0
11668,1
11671,3
11672,3
11675,3
11678,0
11681,3
11682,3
11683,1
11684,0
11685,0
11686,0
11687,1
11690,3
11691,1
11694,3
11695,0
11696,0
11697,3
11698,0
11699,3
11700,3
11702,3
11703,2
11705,3
11706,0
11707,3
11708,0
11710,3
11711,0
11712,1
11714,3
11719,0
11720,3
11721,2
11722,3
11724,1
11726,0
11728,1
11729,3
11730,3
11731,3
11733,0
11735,3
11736,3
11737,3
11740,2
11742,1
11743,1
11744,0
11745,0
11746,0
11749,1
11751,3
11752,2
11753,3
11754,3
11755,3
11759,1
11761,3
11763,0
11764,0
11765,0
11766,0
11767,3
11768,3
11770,2
11773,0
11774,1
11776,0
11778,3
11781,0
11782,3
11783,3
11784,3
11785,3
11787,1
11788,3
11790,2
11791,0
11793,3
11795,1
11796,2
11798,1
11799,1
11802,0
11803,3
11809,3
11811,3
11816,3
11818,3
11819,1
11820,0
11821,0
11823,3
11825,3
11826,0
11827,0
11828,0
11830,0
11831,0
11834,0
11836,3
11837,0
11838,0
11840,1
11841,3
11844,3
11845,3
11847,0
11848,1
11850,0
11852,3
11853,3
11854,1
11856,0
11857,0
11858,3
11859,0
11860,0
11861,1
11862,0
11864,3
11865,0
11866,3
11868,3
11871,3
11872,0
11875,0
11876,3
11877,1
11878,0
11879,0
11880,1
11881,3
11882,3
11883,3
11884,0
11885,0
11886,2
11888,2
11889,3
11890,0
11893,2
11894,1
11895,0
11896,0
11897,0
11899,0
11901,0
11903,3
11905,3
11906,1
11907,0
11909,2
11912,1
11913,3
11914,3
11918,3
11919,0
11921,0
11922,0
11923,0
11927,3
11928,0
11929,3
11933,0
11934,0
11937,3
11938,3
11940,0
11941,3
11942,0
11943,0
11944,0
11948,3
11949,3
11950,3
11951,3
11953,2
11954,0
11955,3
11956,0
11957,0
11961,3
11962,0
11963,0
11964,1
11965,0
11966,2
11968,2
11969,2
11970,0
11973,3
11975,3
11977,3
11978,1
11979,2
11980,3
11982,0
11984,0
11985,3
11986,3
11988,3
11990,0
11991,3
11992,0
11993,0
11994,3
11997,3
11998,0
11999,3
12000,2
12001,0
12002,3
12003,0
12004,3
12005,3
12008,3
12009,1
12013,3
12015,1
12016,2
12019,3
12025,1
12027,1
12028,0
12029,3
12030,1
12031,0
12033,1
12035,1
12036,2
12037,3
12038,1
12039,0
12040,0
12041,2
12042,0
12043,1
12044,3
12047,0
12048,0
12050,3
12051,0
12053,0
12054,0
12055,2
12057,3
12058,0
12059,2
12060,1
12062,0
12063,0
12065,0
12067,0
12072,0
12073,3
12074,3
12075,3
12077,2
12078,3
12079,0
12080,3
12082,3
12083,0
12084,2
12086,1
12087,1
12088,1
12089,2
12090,3
12091,0
12092,0
12093,0
12094,0
12096,0
12099,0
12100,0
12101,3
12102,3
12103,1
12104,1
12106,1
12109,0
12110,3
12113,3
12114,0
12117,0
12119,3
12121,3
12122,3
12124,2
12125,3
12126,0
12127,2
12128,0
12129,0
12132,0
12133,0
12134,2
12136,0
12137,0
12138,0
12141,3
12143,0
12144,3
12145,0
12146,3
12147,3
12148,0
12149,0
12150,3
12151,0
12153,0
12156,0
12157,2
12160,3
12163,3
12164,3
12165,3
12166,1
12168,0
12169,0
12172,3
12173,0
12175,0
12176,0
12179,3
12181,0
12182,3
12183,1
12184,0
12185,3
12186,3
12187,0
12189,0
12190,0
12191,0
12192,3
12193,0
12195,0
12196,1
12197,0
12198,0
12201,0
12202,3
12203,2
12204,3
12205,0
12206,0
12207,0
12209,2
12210,0
12211,3
12212,0
12213,3
12214,3
12216,0
12217,0
12218,0
12221,0
12222,2
12223,3
12226,0
12231,3
12233,0
12234,3
12235,3
12236,0
12237,3
12238,0
12240,0
12242,0
12243,0
12244,3
12245,0
12247,0
12249,2
12250,3
12252,1
12253,0
12254,3
12258,3
12261,2
12264,3
12267,2
12269,2
12271,0
12272,3
12273,0
12274,0
12275,1
12276,3
12277,0
12278,0
12279,3
12280,3
12281,0
12284,0
12286,0
12288,3
12289,3
12290,1
12292,1
12293,0
12294,1
12295,2
12299,3
12300,3
12301,0
12302,3
12303,0
12305,3
12306,0
12307,3
12308,0
12310,3
12311,1
12312,0
12313,0
12316,3
12317,0
12323,0
12326,3
12327,0
12328,0
12330,3
12331,2
12333,0
12334,3
12335,1
12336,3
12337,0
12338,3
12340,0
12341,0
12342,3
12344,3
12345,0
12346,0
12347,3
12348,0
12350,3
12351,0
12354,0
12359,0
12360,1
12362,1
12363,0
12364,0
12365,3
12366,1
12368,3
12373,3
12374,3
12375,1
12378,0
12380,3
12381,3
12382,0
12384,0
12386,0
12388,0
12389,3
12391,3
12393,3
12394,1
12399,0
12403,0
12405,0
12406,0
12409,0
12411,1
12412,0
12413,0
12414,0
12418,0
12421,0
12422,0
12423,0
12424,2
12426,0
12427,0
12428,0
12430,0
12434,0
12435,1
12436,3
12437,0
12438,3
12439,0
12440,0
12442,0
12448,3
12450,0
12452,0
12453,1
12454,0
12456,3
12457,3
12458,0
12459,3
12460,0
12461,0
12462,0
12468,3
12470,0
12472,3
12473,0
12474,0
12475,0
12477,0
12478,3
12479,3
12480,3
12481,3
12482,0
12484,0
12485,3
12486,0
12487,2
12490,3
12493,0
12497,0
12498,0
12499,0
12500,0
12501,1
12502,0
12503,3
12504,2
12505,0
12507,0
12509,0
12510,0
12512,3
12513,0
12516,1
12517,1
12518,0
12521,1
12522,3
12523,3
12524,3
12527,0
12529,0
12530,2
12531,3
12532,3
12534,0
12536,0
12538,0
12539,0
12541,3
12542,2
12543,0
12544,3
12546,3
12547,0
12549,3
12550,0
12551,3
12552,0
12553,0
12554,0
12555,3
12557,0
12558,2
12559,3
12560,0
12561,3
12562,0
12563,1
12564,3
12566,3
12569,0
12570,3
12572,0
12577,3
12578,0
12580,1
12581,3
12583,0
12584,1
12585,0
12586,0
12587,3
12589,3
12590,0
12591,2
12592,0
12593,3
12594,0
12597,0
12598,3
12600,1
12601,2
12602,0
12603,3
12607,0
12608,0
12609,0
12613,0
12614,3
12615,3
12618,3
12619,3
12620,0
12621,0
12623,0
12625,1
12627,0
12628,1
12629,0
12631,0
12632,0
12634,3
12635,0
12636,3
12637,1
12638,1
12639,0
12640,3
12641,2
12643,3
12645,0
12646,1
12648,2
12650,3
12651,1
12652,3
12653,0
12654,0
12655,0
12658,3
12659,3
12660,0
12662,0
12665,2
12668,2
12669,2
12670,3
12671,1
12672,2
12674,0
12675,1
12676,0
12677,0
12678,0
12679,1
12681,3
12682,0
12684,1
12685,0
12686,3
12688,3
12689,0
12690,1
12691,1
12692,1
12693,2
12694,3
12696,3
12697,3
12698,0
12700,0
12702,0
12703,0
12705,3
12707,3
12712,3
12713,2
12718,0
12719,2
12721,3
12722,3
12723,2
12724,1
12725,3
12726,0
12727,0
12728,3
12730,0
12731,3
12732,2
12733,3
12735,0
12737,0
12738,1
12739,3
12740,2
12741,0
12743,3
12744,0
12745,0
12746,0
12748,3
12750,1
12751,1
12753,0
12754,0
12755,3
12757,0
12759,3
12762,2
12763,0
12764,3
12766,1
12767,3
12769,0
12774,1
12776,3
12778,3
12780,0
12781,0
12782,0
12783,0
12786,0
12787,3
12788,2
12790,3
12794,0
12795,3
12796,0
12799,0
12800,0
12801,0
12802,1
12803,0
12804,3
12806,0
12811,3
12812,0
12813,3
12818,2
12820,0
12821,3
12822,0
12823,0
12824,0
12826,2
12827,0
12830,2
12831,2
12833,0
12834,1
12835,0
12836,0
12837,1
12838,2
12839,3
12840,0
12841,3
12842,1
12844,3
12845,0
12847,1
12849,3
12851,2
12853,0
12855,3
12856,0
12859,0
12861,3
12862,3
12863,0
12866,0
12867,2
12869,3
12870,0
12871,1
12873,1
12874,0
12875,0
12876,0
12877,3
12879,0
12880,3
12882,0
12886,3
12894,0
12897,0
12899,3
12902,3
12903,3
12905,3
12907,0
12909,3
12914,0
12915,0
12916,1
12917,3
12918,2
12919,3
12920,0
12921,0
12922,0
12923,1
12924,3
12926,0
12927,3
12928,0
12929,3
12930,3
12931,3
12933,0
12934,3
12935,0
12936,0
12937,3
12938,3
12939,3
12940,3
12943,1
12944,0
12945,0
12946,0
12947,0
12948,0
12949,1
12950,1
12951,0
12952,3
12955,0
12956,2
12957,1
12958,0
12960,3
12962,0
12964,3
12967,0
12968,0
12969,3
12971,3
12972,3
12973,3
12974,0
12975,0
12977,0
12978,0
12979,0
12980,1
12981,0
12984,2
12985,0
12988,2
12989,1
12990,1
12991,3
12994,0
12996,0
12998,0
12999,3
13002,0
13003,0
13004,2
13005,0
13007,3
13008,0
13010,0
13011,0
13014,3
13015,3
13016,1
13017,3
13018,3
13022,3
13023,3
13024,0
13025,3
13027,1
13028,1
13031,0
13032,0
13033,1
13034,0
13035,0
13040,0
13042,3
13044,0
13045,2
13047,3
13048,3
13050,2
13051,0
13052,1
13054,0
13055,0
13056,1
13057,0
13058,0
13059,0
13062,1
13063,0
13064,2
13065,0
13068,3
13069,2
13070,3
13071,0
13073,0
13074,1
13075,2
13076,1
13077,0
13079,0
13080,3
13081,3
13082,1
13083,0
13085,0
13086,1
13087,1
13088,3
13089,3
13090,0
13094,0
13095,0
13096,0
13099,0
13103,3
13105,0
13106,0
13107,0
13109,3
13110,0
13115,0
13119,0
13120,1
13121,2
13123,3
13125,2
13126,0
13127,2
13128,0
13134,0
13135,0
13137,0
13138,3
13140,0
13142,3
13144,0
13146,3
13147,2
13149,0
13150,2
13151,1
13152,0
13154,3
13155,2
13156,0
13157,1
13158,0
13159,0
13160,0
13162,0
13163,0
13166,0
13168,2
13169,0
13170,0
13171,0
13172,1
13174,0
13176,3
13178,1
13179,0
13180,3
13181,3
13182,0
13183,0
13184,3
13185,0
13187,2
13188,2
13189,1
13191,0
13192,3
13193,0
13195,3
13196,1
13199,0
13202,0
13203,0
13205,1
13206,1
13208,3
13213,3
13216,0
13217,0
13220,2
13224,3
13227,0
13229,3
13230,0
13235,0
13237,0
13239,0
13240,0
13241,2
13244,0
13245,1
13247,3
13249,3
13250,0
13253,2
13254,0
13255,0
13256,2
13258,0
13259,0
13264,3
13265,0
13267,3
13270,1
13273,0
13277,0
13283,3
13284,0
13285,3
13287,2
13288,0
13295,0
13303,0
13304,0
13305,2
13306,3
13308,0
13309,0
13310,1
13311,3
13312,2
13314,3
13316,1
13317,1
13318,1
13319,0
13321,1
13322,3
13323,0
13326,0
13330,0
13331,0
13332,0
13333,0
13334,0
13336,0
13338,0
13340,1
13341,0
13342,0
13344,0
13346,0
13348,0
13349,0
13350,0
13352,0
13353,0
13354,0
13355,2
13360,3
13363,0
13365,1
13366,1
13367,3
13368,1
13369,0
13370,0
13371,3
13373,3
13374,0
13375,0
13377,0
13381,3
13384,0
13385,0
13386,3
13387,0
13389,0
13391,0
13392,0
13394,1
13395,0
13397,3
13398,3
13399,3
13401,2
13402,0
13405,0
13410,1
13412,3
13418,0
13419,0
13420,0
13421,3
13423,3
13425,0
13426,1
13429,3
13431,0
13432,0
13433,0
13437,0
13438,2
13439,0
13441,0
13442,3
13443,0
13445,0
13448,0
13449,3
13451,0
13452,0
13453,1
13456,3
13457,3
13458,1
13459,3
13460,0
13462,0
13464,0
13468,0
13469,0
13470,0
13472,3
13473,3
13474,1
13475,3
13476,3
13477,0
13478,0
13479,3
13480,0
13481,2
13482,0
13483,0
13484,2
13485,0
13488,0
13489,1
13490,3
13492,2
13493,3
13494,0
13495,3
13496,3
13497,1
13498,0
13501,0
13504,2
13507,0
13508,0
13510,3
13512,0
13513,0
13514,0
13515,1
13517,0
13518,0
13522,2
13526,0
13528,0
13530,0
13531,3
13533,1
13535,0
13537,2
13538,3
13541,1
13542,2
13545,3
13546,3
13548,3
13550,3
13554,0
13555,1
13557,3
13559,3
13560,3
13561,3
13563,3
13564,1
13565,3
13568,0
13569,3
13572,1
13573,0
13574,1
13575,1
13576,3
13579,0
13582,3
13584,3
13587,1
13588,1
13590,1
13592,3
13594,3
13595,0
13596,0
13599,2
13603,0
13604,0
13606,0
13607,0
13608,0
13613,3
13614,0
13615,1
13617,0
13618,1
13620,3
13621,0
13622,1
13624,3
13627,3
13629,3
13631,3
13632,0
13634,0
13636,0
13637,0
13639,3
13640,3
13641,1
13642,1
13644,3
13647,3
13649,0
13650,1
13651,3
13652,3
13656,0
13657,3
13659,0
13664,3
13665,3
13666,3
13669,3
13670,3
13671,0
13673,0
13674,3
13678,3
13680,3
13681,3
13682,1
13683,0
13685,3
13687,0
13688,0
13690,0
13691,1
13695,3
13700,3
13702,0
13704,0
13705,3
13706,1
13708,3
13709,0
13710,3
13711,3
13712,0
13714,0
13715,0
13716,3
13717,3
13719,0
13721,0
13722,0
13723,2
13725,2
13731,1
13732,3
13734,1
13735,1
13736,0
13738,0
13739,1
13742,0
13743,0
13744,2
13747,3
13748,0
13751,0
13752,0
13754,0
13755,0
13757,2
13759,0
13760,0
13761,3
13763,0
13765,0
13766,0
13767,3
13768,0
13769,1
13770,0
13775,3
13778,0
13780,0
13782,0
13784,0
13786,0
13787,1
13788,0
13789,3
13790,2
13791,1
13793,3
13795,1
13797,1
13798,3
13800,1
13802,3
13803,3
13804,0
13806,3
13807,0
13809,2
13811,3
13812,2
13813,0
13815,1
13817,3
13819,0
13820,2
13821,0
13823,0
13825,1
13826,1
13827,0
13828,3
13829,0
13830,3
13831,0
13832,1
13833,3
13834,3
13836,0
13838,0
13839,2
13840,0
13841,0
13842,3
13844,0
13847,3
13848,0
13849,0
13850,1
13852,0
13853,2
13854,0
13855,3
13859,0
13860,1
13861,1
13862,1
13863,3
13864,1
13865,1
13867,3
13868,1
13869,0
13870,0
13871,1
13872,0
13873,3
13875,0
13876,0
13878,0
13879,0
13881,3
13882,1
13883,1
13884,3
13885,3
13886,2
13887,1
13888,0
13889,3
13890,3
13893,0
13894,3
13895,1
13897,0
13898,0
13899,3
13900,1
13902,3
13903,0
13905,0
13909,0
13911,0
13912,0
13914,3
13915,0
13916,2
13918,0
13919,0
13920,3
13921,3
13923,3
13924,0
13925,1
13927,0
13928,1
13929,2
13932,3
13935,3
13937,0
13938,3
13942,3
13944,1
13945,3
13946,0
13948,0
13949,0
13950,3
13951,3
13953,3
13954,3
13957,3
13959,3
13960,0
13961,3
13962,0
13963,0
13964,0
13965,0
13969,0
13970,0
13971,3
13977,0
13978,3
13980,0
13981,1
13983,3
13985,0
13987,0
13990,3
13991,2
13993,2
13994,3
13995,0
13998,0
13999,3
14000,0
14001,0
14003,3
14004,0
14005,0
14007,0
14008,2
14009,1
14010,3
14011,0
14012,0
14013,1
14014,3
14015,3
14016,0
14017,3
14018,3
14019,2
14020,0
14022,3
14023,3
14024,0
14025,0
14027,0
14028,3
14032,3
14033,0
14034,0
14035,0
14036,3
14038,3
14041,3
14042,3
14043,0
14047,0
14048,3
14049,0
14051,1
14052,3
14053,3
14054,0
14055,0
14058,3
14062,3
14063,0
14068,0
14069,3
14070,0
14071,1
14072,1
14073,1
14074,3
14077,1
14078,1
14079,0
14081,3
14083,2
14085,2
14087,3
14088,0
14090,0
14092,0
14093,0
14095,3
14097,0
14098,0
14099,0
14102,3
14103,3
14104,3
14105,3
14108,0
14109,0
14110,2
14111,3
14114,3
14115,0
14116,1
14117,0
14119,0
14120,0
14122,3
14124,0
14125,0
14126,3
14128,1
14130,0
14132,0
14133,1
14134,0
14135,1
14138,3
14140,0
14141,0
14145,1
14146,0
14147,1
14149,0
14150,0
14152,3
14153,3
14158,3
14160,3
14161,0
14163,0
14164,3
14166,2
14167,2
14168,3
14170,3
14171,0
14173,0
14174,2
14175,2
14178,0
14179,3
14185,3
14187,3
14190,2
14191,0
14192,0
14193,0
14194,0
14195,1
14196,0
14200,0
14204,3
14205,2
14209,0
14211,0
14213,0
14218,0
14219,3
14223,0
14224,3
14227,3
14228,1
14230,1
14231,0
14234,3
14235,3
14238,1
14241,0
14242,0
14243,1
14244,1
14250,1
14252,0
14253,0
14254,0
14255,3
14256,0
14257,2
14258,3
14259,0
14260,3
14262,1
14263,2
14264,3
14265,3
14266,0
14268,0
14270,1
14271,0
14273,0
14274,0
14275,0
14277,1
14278,1
14279,1
14280,0
14281,0
14282,3
14284,2
14287,0
14290,0
14291,1
14292,3
14293,3
14295,1
14296,0
14297,0
14298,0
14300,3
14301,0
14302,0
14303,0
14305,2
14308,0
14310,0
14311,0
14312,0
14313,3
14315,0
14320,1
14322,3
14326,3
14327,3
14329,0
14330,3
14333,3
14334,0
14335,3
14336,3
14337,0
14338,0
14339,0
14341,3
14344,0
14345,3
14346,1
14347,0
14349,3
14351,0
14352,3
14353,3
14354,0
14355,3
14356,3
14357,0
14358,0
14359,0
14361,1
14362,1
14364,1
14366,0
14369,1
14372,0
14373,3
14374,3
14375,2
14376,0
14377,3
14380,3
14382,0
14385,0
14393,0
14396,3
14397,3
14403,0
14405,0
14409,0
14416,2
14418,0
14419,0
14421,0
14425,3
14426,2
14429,0
14430,0
14432,3
14433,0
14441,2
14442,3
14451,0
14453,0
14455,0
14462,3
14463,0
14468,1
14469,2
14471,0
14472,0
14473,3
14478,0
14479,0
14486,0
14487,3
14489,1
14491,0
14493,3
14496,0
14497,2
14499,0
14501,3
14504,0
14507,0
14510,0
14513,0
14514,0
14515,0
14516,0
14517,0
14519,3
14521,0
14522,1
14524,3
14526,0
14528,3
14529,0
14532,3
14534,3
14535,0
14536,0
14539,0
14540,0
14541,1
14542,0
14544,0
14545,1
14546,0
14548,3
14550,0
14551,2
14556,0
14558,3
14560,0
14561,0
14563,3
14564,0
14565,2
14566,2
14568,1
14570,3
14571,0
14572,0
14574,3
14576,0
14577,0
14578,3
14579,2
14580,0
14582,3
14583,0
14585,0
14586,0
14587,0
14588,0
14590,3
14592,3
14595,3
14596,3
14601,2
14602,2
14604,0
14605,0
14606,2
14609,0
14610,3
14611,0
14617,0
14622,0
14628,0
14632,0
14633,3
14636,2
14637,3
14640,3
14644,0
14645,0
14646,0
14649,0
14655,3
14656,0
14658,3
14662,3
14663,0
14665,3
14672,0
14675,2
14678,3
14687,0
14689,1
14690,0
14691,0
14696,0
14697,3
14700,0
14701,3
14707,0
14708,0
14711,0
14721,3
14723,0
14724,0
14725,3
14726,0
14729,0
14733,0
14736,0
14738,3
14739,3
14743,0
14747,0
14751,0
14752,1
14755,0
14761,0
14764,0
14768,0
14770,2
14771,0
14778,3
14782,0
14787,0
14788,0
14791,3
14796,3
14797,1
14811,0
14813,0
14816,0
14822,0
14824,0
14826,0
14827,3
14831,3
14833,1
14837,3
14840,2
14842,3
14843,0
14845,0
14847,0
14851,0
14853,0
14859,0
14861,0
14868,3
14869,0
14875,3
14876,3
14877,3
14879,0
14883,0
14885,0
14887,3
14888,0
14889,0
14893,0
14894,0
14899,0
14900,3
14901,3
14903,3
14907,0
14910,0
14911,0
14912,0
14913,0
14914,0
14915,0
14919,0
14920,0
14921,3
14922,0
14926,3
14931,1
14934,3
14937,3
14940,0
14946,1
14948,2
14951,3
14953,0
14954,0
14956,0
14964,0
14966,0
14967,0
14975,0
14977,0
14980,0
14984,3
14985,3
14986,0
14987,3
14994,3
14995,0
14997,0
14999,0
15000,3
15006,0
15012,0
15018,3
15020,0
15021,0
15023,3
15025,0
15026,3
15029,0
15031,3
15033,0
15038,0
15042,0
15047,2
15048,0
15051,0
15054,0
15057,3
15059,0
15062,0
15067,0
15068,0
15070,3
15071,2
15072,0
15074,0
15075,0
15083,3
15084,0
15086,0
15088,0
15090,0
15091,1
15092,3
15093,1
15099,3
15100,0
15107,0
15108,0
15110,0
15114,3
15116,1
15117,1
15118,0
15121,3
15126,0
15132,2
15135,2
15136,0
15141,2
15143,0
15147,0
15149,0
15151,0
15152,3
15153,3
15156,3
15160,0
15163,3
15164,3
15170,0
15173,0
15174,0
15176,0
15179,0
15184,1
15186,3
15187,3
15188,0
15190,3
15191,0
15200,3
15201,3
15209,3
15212,3
15217,0
15221,3
15223,0
15224,0
15225,0
15232,0
15235,0
15236,0
15239,3
15240,1
15243,0
15249,3
15256,0
15259,3
15261,3
15262,3
15263,2
15266,0
15273,2
15277,2
15280,0
15283,0
15291,0
15295,0
15297,1
15298,3
15299,0
15300,0
15302,0
15304,0
15305,0
15306,0
15309,3
15310,0
15312,0
15320,0
15325,0
15326,0
15330,3
15335,0
15349,0
15351,3
15353,0
15355,0
15358,0
15359,3
15360,0
15365,0
15368,2
15371,1
15380,0
15385,0
15386,0
15387,0
15390,0
15391,3
15392,1
15393,0
15397,3
15400,3
15405,0
15406,3
15407,3
15409,0
15412,3
15415,0
15417,0
15425,0
15429,0
15438,3
15446,3
15448,0
15449,3
15450,3
15453,0
15455,3
15456,0
15460,1
15461,0
15463,1
15465,3
15471,3
15472,0
15477,3
15480,3
15485,3
15491,0
15495,0
15496,0
15497,0
15499,0
15500,0
15501,3
15503,0
15506,0
15508,0
15509,0
15511,0
15513,3
15518,0
15519,3
15528,0
15535,0
15536,0
15542,0
15550,3
15552,0
15555,2
15556,0
15559,0
15560,0
15561,0
15564,0
15566,0
15567,2
15570,1
15571,0
15573,0
15574,3
15575,2
15576,0
15578,0
15579,3
15586,0
15587,3
15590,0
15601,0
15606,0
15607,0
15609,2
15610,3
15612,0
15613,0
15620,0
15625,0
15628,0
15630,0
15633,1
15634,0
15638,0
15641,3
15642,0
15643,0
15654,3
15658,3
15664,0
15665,2
15667,3
15668,0
15676,3
15686,3
15688,3
15689,0
15690,3
15691,3
15696,2
15698,1
15699,3
15702,0
15703,0
15706,0
15707,0
15709,0
15711,3
15713,0
15718,0
15719,0
15724,0
15727,0
15737,0
15744,0
15747,0
15748,1
15749,0
15757,0
15758,0
15759,0
15760,0
15764,3
15770,3
15773,1
15776,0
15781,3
15785,3
15786,0
15787,0
15789,0
15790,0
15800,3
15804,0
15810,0
15811,0
15815,0
15818,0
15823,0
15824,0
15830,0
15831,0
15832,3
15834,0
15837,0
15848,0
15849,1
15853,0
15854,0
15859,0
15861,1
15867,1
15869,3
15871,3
15876,1
15882,2
15885,2
15886,0
15887,0
15889,3
15891,0
15894,0
15896,0
15898,0
15905,1
15906,0
15913,0
15914,2
15915,0
15924,0
15925,0
15926,0
15932,0
15936,3
15938,1
15939,0
15942,0
15948,0
15951,0
15952,0
15953,1
15957,0
15960,1
15962,0
15963,0
15965,0
15975,1
15976,0
15977,1
15979,0
15981,3
15984,0
15987,3
15991,0
15992,3
16000,0
16003,3
16006,3
16007,0
16008,0
16009,3
16010,0
16015,0
16020,0
16022,0
16028,0
16033,0
16034,0
16036,0
16037,0
16038,0
16040,0
16053,1
16055,0
16058,0
16059,3
16060,0
16061,3
16063,3
16065,0
16069,0
16071,0
16073,3
16074,0
16081,0
16082,0
16084,0
16087,0
16088,0
16091,3
16095,3
16100,0
16107,1
16109,1
16114,3
16116,0
16117,3
16122,3
16123,3
16130,0
16131,3
16133,3
16135,0
16136,1
16137,3
16140,0
16143,0
16149,0
16150,0
16151,0
16152,1
16155,3
16156,3
16158,0
16159,2
16163,0
16170,0
16171,0
16172,0
16175,1
16186,0
16187,0
16191,2
16196,0
16197,0
16198,2
16199,3
16200,3
16201,1
16203,0
16204,3
16209,1
16211,0
16214,3
16223,0
16224,3
16226,3
16227,0
16236,1
16238,3
16242,0
16243,3
16244,0
16245,0
16255,1
16256,3
16257,2
16258,3
16259,0
16263,3
16264,2
16265,0
16266,0
16270,0
16278,3
16280,0
16281,1
16285,2
16287,0
16288,1
16296,3
16298,0
16299,3
16302,3
16316,3
16317,0
16318,0
16319,0
16320,3
16321,0
16323,1
16326,3
16330,0
16340,0
16342,0
16343,2
16350,0
16359,2
16360,2
16364,1
16368,0
16370,3
16372,1
16373,3
16376,0
16379,1
16383,3
16384,3
16386,0
16389,0
16391,2
16398,0
16401,0
16402,0
16403,0
16407,0
16409,0
16410,3
16418,0
16420,3
16424,3
16427,0
16428,0
16429,0
16437,0
16438,0
16439,3
16443,0
16445,0
16449,0
16451,0
16453,3
16456,3
16458,2
16459,3
16460,2
16461,0
16463,3
16467,0
16470,0
16471,3
16473,0
16474,0
16476,2
16493,3
16495,3
16497,0
16498,3
16499,2
16506,0
16507,0
16508,0
16509,0
16511,3
16513,0
16514,3
16522,0
16528,0
16529,0
16536,3
16538,2
16541,0
16542,0
16543,3
16546,1
16549,0
16553,0
16554,0
16555,0
16556,3
16565,2
16567,0
16569,0
16570,3
16571,3
16577,0
16578,3
16581,3
16584,0
16587,0
16589,0
16597,0
16600,0
16602,2
16604,0
16608,0
16611,1
16617,3
16620,0
16626,0
16630,3
16633,2
16634,3
16636,0
16638,0
16642,2
16647,0
16650,0
16651,0
16652,2
16653,3
16655,0
16658,0
16659,0
16663,0
16664,0
16665,0
16666,0
16671,3
16679,0
16681,0
16682,3
16688,0
16695,0
16696,3
16697,0
16699,0
16700,0
16703,0
16707,1
16708,1
16715,0
16720,2
16724,3
16729,3
16730,3
16732,0
16736,0
16742,0
16746,3
16748,0
16753,0
16754,0
16756,0
16759,0
16760,3
16763,3
16768,0
16769,0
16771,0
16772,0
16773,0
16774,2
16778,3
16779,0
16780,1
16781,3
16787,0
16788,2
16789,3
16791,2
16796,0
16798,0
16800,0
16804,3
16811,3
16813,0
16814,3
16817,1
16818,0
16820,3
16822,3
16827,0
16831,0
16832,0
16833,3
16847,0
16849,0
16850,3
16858,1
16859,2
16861,3
16862,0
16863,0
16865,0
16876,3
16877,3
16884,0
16892,0
16897,0
16901,0
16902,3
16903,3
16906,3
16908,0
16911,0
16914,3
16915,3
16916,1
16919,0
16921,0
16924,3
16926,1
16927,0
16930,0
16931,0
16935,0
16936,0
16941,0
16943,0
16944,3
16945,0
16949,0
16951,0
16953,1
16954,1
16959,0
16960,0
16961,0
16970,3
16974,0
16976,0
16978,3
16982,0
16984,0
16986,0
16987,1
16988,3
16990,3
16999,0
17003,0
17006,0
17009,0
17011,1
17013,0
17014,0
17016,0
17019,3
17021,0
17023,0
17024,0
17025,3
17032,0
17036,1
17039,2
17040,0
17046,0
17049,2
17050,1
17053,0
17056,3
17061,0
17062,3
17064,0
17065,2
17072,0
17073,2
17075,3
17078,3
17079,0
17081,0
17084,3
17086,0
17087,0
17089,3
17090,0
17095,3
17097,3
17100,3
17105,3
17108,0
17110,0
17114,1
17125,2
17128,0
17129,1
17133,0
17134,2
17135,2
17138,3
17139,3
17142,0
17144,0
17145,0
17149,0
17150,3
17152,0
17157,0
17159,0
17161,0
17164,0
17165,0
17168,0
17176,0
17179,2
17192,3
17193,3
17201,0
17202,3
17204,1
17207,3
17208,2
17209,0
17210,0
17212,1
17216,3
17222,1
17223,0
17225,0
17226,0
17229,0
17230,0
17232,0
17233,1
17234,0
17235,3
17236,0
17242,3
17250,0
17255,3
17256,0
17257,2
17261,1
17262,2
17264,0
17265,3
17268,1
17275,2
17276,0
17280,3
17281,0
17283,3
17288,0
17291,0
17292,0
17296,3
17299,0
17300,0
17304,3
17309,3
17314,3
17316,1
17319,1
17322,0
17323,3
17325,0
17327,1
17328,3
17336,1
17338,3
17340,3
17345,3
17347,3
17348,3
17353,0
17357,0
17358,0
17360,3
17361,3
17362,0
17364,0
17368,3
17369,3
17373,0
17375,1
17376,3
17378,0
17381,3
17384,0
17385,2
17388,0
17393,0
17399,0
17407,0
17412,1
17415,3
17419,3
17421,3
17422,0
17423,3
17430,0
17431,3
17432,0
17436,3
17437,3
17438,3
17439,3
17440,3
17441,0
17442,3
17447,0
17449,2
17451,3
17453,3
17456,1
17459,0
17460,0
17461,3
17464,3
17465,3
17467,3
17469,1
17472,0
17473,0
17474,3
17481,0
17484,3
17487,3
17490,0
17495,3
17498,3
17500,3
17501,1
17503,0
17504,2
17505,3
17506,0
17508,1
17509,3
17514,3
17518,1
17519,0
17523,3
17524,3
17528,0
17529,3
17532,0
17545,1
17547,0
17550,3
17556,0
17557,0
17562,3
17564,3
17569,3
17571,0
17574,0
17578,3
17579,0
17580,0
17581,0
17584,2
17585,0
17595,3
17596,1
17597,1
17599,0
17602,0
17610,0
17611,0
17616,0
17618,3
17622,0
17623,0
17626,0
17628,3
17629,0
17632,0
17638,1
17640,1
17641,3
17643,0
17644,0
17645,3
17646,0
17649,0
17650,3
17654,0
17655,0
17664,0
17665,3
17669,0
17670,0
17676,3
17677,0
17679,0
17681,0
17682,3
17685,0
17688,2
17697,0
17701,0
17703,0
17704,0
17706,0
17708,3
17711,0
17715,1
17725,0
17726,0
17730,0
17733,1
17738,0
17739,3
17741,0
17747,0
17748,2
17751,3
17754,3
17759,3
17760,0
17763,3
17767,0
17770,0
17772,1
17775,0
17779,1
17781,3
17785,0
17788,2
17791,3
17792,0
17794,3
17799,0
17803,3
17804,3
17805,0
17807,1
17809,3
17811,0
17814,1
17817,0
17818,3
17820,0
17823,0
17824,1
17827,0
17828,0
17831,0
17837,0
17846,2
17848,0
17852,3
17856,0
17865,0
17873,3
17877,0
17878,0
17883,2
17889,3
17891,0
17897,0
17902,3
17903,0
17907,0
17910,1
17912,0
17922,0
17923,0
17932,0
17933,1
17935,3
17936,3
17940,0
17941,0
17947,3
17948,0
17952,2
17954,2
17955,3
17956,3
17959,1
17962,0
17964,3
17966,2
17967,1
17970,0
17971,0
17973,3
17980,2
17984,0
17988,0
17989,0
17992,3
17993,2
17994,3
17995,1
17998,0
18002,3
18012,3
18018,3
18019,0
18020,3
18021,0
18040,0
18043,0
18045,1
18049,0
18055,0
18060,0
18061,0
18062,0
18063,2
18068,0
18071,3
18072,0
18073,3
18074,0
18075,3
18078,1
18080,0
18084,0
18086,0
18088,3
18089,0
18090,3
18095,1
18103,0
18104,0
18107,1
18109,1
18111,3
18113,0
18119,0
18120,0
18121,0
18125,0
18130,3
18135,2
18138,2
18139,1
18140,1
18141,3
18142,1
18143,3
18144,0
18148,2
18151,3
18152,0
18158,0
18161,0
18162,1
18163,3
18164,0
18165,0
18166,3
18169,0
18174,2
18177,0
18183,0
18184,0
18189,0
18190,3
18191,0
18197,0
18198,3
18199,0
18201,0
18207,1
18208,3
18216,0
18217,3
18221,0
18223,0
18224,3
18230,0
18232,1
18233,3
18237,0
18238,0
18240,0
18242,0
18243,0
18246,2
18249,0
18252,0
18256,3
18258,2
18259,0
18260,2
18262,0
18263,3
18267,0
18272,0
18274,0
18283,2
18286,3
18290,3
18293,0
18295,0
18296,0
18300,0
18306,2
18310,0
18311,0
18314,0
18315,0
18316,0
18317,3
18329,0
18332,2
18333,0
18337,0
18339,0
18340,1
18343,1
18345,3
18351,3
18356,3
18361,2
18363,0
18366,0
18367,0
18369,0
18374,3
18376,1
18380,2
18384,3
18385,3
18389,2
18392,0
18393,3
18399,3
18403,0
18409,2
18415,3
18416,1
18417,0
18418,1
18419,3
18422,0
18423,0
18425,0
18426,0
18428,0
18432,0
18437,0
18438,3
18443,0
18445,3
18446,3
18447,0
18451,0
18462,3
18468,0
18470,0
18471,3
18474,1
18477,0
18478,0
18480,0
18483,3
18486,3
18487,0
18488,3
18491,0
18494,0
18495,0
18499,0
18500,0
18501,0
18504,3
18505,3
18506,3
18509,0
18511,0
18516,1
18517,3
18521,0
18522,1
18523,0
18530,0
18534,0
18537,3
18546,0
18548,1
18549,0
18550,3
18552,0
18553,0
18557,3
18560,3
18561,0
18563,0
18564,0
18566,3
18568,0
18577,0
18578,2
18581,1
18582,0
18585,1
18586,3
18599,0
18608,0
18612,0
18614,0
18616,3
18623,2
18628,3
18631,1
18633,0
18635,0
18636,0
18637,0
18644,0
18646,3
18651,0
18660,3
18664,0
18667,3
18671,0
18677,0
18681,0
18682,3
18685,0
18692,0
18699,0
18705,0
18707,3
18709,0
18710,0
18712,0
18716,0
18717,0
18718,3
18719,0
18722,3
18727,0
18730,0
18731,0
18737,3
18739,0
18742,0
18744,0
18745,3
18747,3
18756,0
18757,0
18760,0
18762,1
18765,3
18771,0
18774,0
18776,3
18777,0
18780,0
18782,1
18785,0
18786,0
18787,3
18791,0
18793,2
18795,0
18798,0
18799,3
18803,0
18804,3
18809,3
18811,0
18812,0
18815,0
18818,0
18823,3
18826,3
18832,3
18838,3
18839,0
18841,3
18847,0
18848,0
18867,3
18868,0
18870,0
18875,0
18881,0
18883,0
18884,3
18886,3
18889,0
18890,3
18891,0
18892,3
18895,0
18897,0
18898,0
18899,2
18901,0
18906,0
18909,3
18911,0
18913,0
18914,2
18923,3
18925,1
18926,0
18932,0
18934,0
18938,0
18945,0
18952,0
18954,2
18958,0
18961,0
18970,0
18971,0
18977,0
18983,3
18984,0
18985,0
18993,0
18994,0
18995,0
18996,0
19003,0
19005,0
19006,3
19013,0
19016,2
19022,3
19025,0
19030,0
19031,3
19033,0
19034,3
19035,3
19039,0
19041,0
19042,0
19046,3
19050,3
19055,0
19058,1
19064,0
19067,3
19074,0
19076,3
19078,0
19080,0
19081,0
19084,0
19086,0
19092,3
19094,0
19096,0
19103,0
19108,0
19109,0
19111,0
19117,0
19119,3
19120,0
19121,0
19122,3
19126,0
19127,1
19128,0
19131,3
19137,3
19138,0
19145,0
19153,0
19155,0
19157,0
19158,0
19159,0
19161,0
19163,0
19164,3
19172,0
19173,0
19176,0
19180,0
19185,0
19188,0
19195,0
19196,3
19205,3
19211,0
19212,2
19216,0
19222,0
19223,0
19224,0
19229,1
19232,3
19236,3
19241,3
19244,3
19253,3
19257,0
19260,3
19265,0
19270,0
19285,0
19286,0
19294,1
19296,0
19299,0
19300,3
19306,0
19308,0
19312,3
19313,0
19316,0
19324,0
19333,3
19337,0
19338,0
19339,3
19343,3
19345,0
19348,0
19350,0
19357,0
19359,2
19362,0
19364,0
19366,1
19371,0
19372,1
19376,3
19380,0
19385,3
19389,3
19397,2
19408,0
19409,0
19410,3
19411,0
19412,0
19415,0
19419,0
19422,1
19424,3
19428,0
19433,0
19437,0
19441,0
19443,1
19444,0
19449,0
19450,0
19452,3
19454,0
19459,3
19461,0
19468,0
19470,0
19478,3
19485,3
19491,3
19498,0
19499,0
19500,0
19504,3
19506,3
19510,0
19517,3
19522,0
19526,1
19534,3
19536,0
19537,0
19538,0
19542,0
19543,0
19548,0
19550,3
19551,0
19553,3
19554,1
19555,0
19556,0
19557,0
19558,3
19559,0
19563,1
19566,0
19568,0
19571,2
19576,0
19578,0
19580,0
19583,0
19587,2
19597,0
19598,0
19599,0
19601,0
19606,0
19609,0
19616,0
19619,0
19624,3
19629,3
19630,0
19634,0
19637,3
19640,0
19642,0
19645,0
19648,0
19652,0
19654,0
19655,0
19656,3
19660,3
19662,0
19664,3
19665,0
19666,0
19669,0
19675,3
19678,0
19684,0
19687,0
19690,0
19692,3
19694,3
19701,0
19702,0
19703,0
19710,3
19714,3
19715,3
19719,3
19723,0
19727,3
19728,0
19733,2
19734,1
19738,3
19740,3
19748,0
19749,0
19751,0
19755,0
19760,3
19761,0
19764,0
19766,3
19767,3
19769,0
19774,0
19776,1
19777,3
19779,0
19780,2
19781,0
19782,0
19783,2
19784,0
19788,0
19789,3
19794,3
19798,0
19800,0
19802,0
19806,0
19810,3
19823,2
19827,3
19828,3
19837,0
19843,3
19844,1
19846,0
19850,3
19851,3
19856,0
19857,3
19859,0
19862,1
19873,0
19875,3
19877,0
19881,0
19884,0
19886,1
19890,0
19891,3
19894,0
19895,0
19901,0
19904,0
19906,0
19908,0
19923,0
19929,3
19930,0
19931,2
19932,0
19934,0
19935,3
19941,0
19942,0
19945,0
19952,3
19954,0
19956,0
19958,0
19959,0
19961,0
19966,0
19968,3
19970,0
19971,1
19983,3
19985,0
19989,0
19994,3
19999,0
20000,3
20001,2
20005,0
20009,3
20017,3
20021,0
20025,3
20030,0
20031,0
20033,0
20034,3
20044,0
20049,2
20051,3
20053,0
20056,1
20061,0
20065,0
20072,0
20074,0
20075,0
20079,3
20083,0
20085,3
20086,0
20087,1
20093,0
20097,0
20098,0
20104,0
20108,0
20111,3
20114,1
20118,0
20123,1
20125,0
20126,0
20127,0
20137,3
20138,0
20144,0
20146,0
20147,0
20150,0
20151,0
20155,0
20156,0
20159,0
20162,3
20163,0
20166,3
20170,0
20171,0
20175,2
20176,3
20178,0
20181,0
20182,0
20183,0
20186,2
20188,1
20194,0
20195,1
20196,2
20198,3
20199,0
20202,0
20203,0
20206,0
20207,0
20209,3
20210,3
20214,0
20216,0
20217,0
20219,0
20221,0
20226,0
20233,3
20234,3
20235,0
20238,0
20239,0
20242,0
20248,0
20249,0
20252,0
20256,0
20258,1
20259,3
20270,0
20273,0
20277,0
20278,0
20281,3
20287,0
20289,3
20291,3
20292,1
20293,0
20297,0
20300,3
20301,0
20302,3
20305,0
20306,0
20310,3
20311,3
20313,3
20314,3
20318,0
20320,3
20322,0
20323,0
20325,0
20327,0
20328,1
20329,0
20330,1
20331,0
20333,3
20334,0
20335,0
20342,0
20343,0
20345,3
20351,0
20353,0
20355,0
20356,1
20359,0
20360,3
20366,0
20367,0
20370,0
20375,0
20381,3
20383,0
20384,0
20386,0
20392,3
20394,3
20395,0
20396,0
20402,2
20403,1
20404,1
20405,2
20407,0
20408,0
20410,0
20412,0
20415,3
20417,0
20418,0
20420,0
20432,0
20433,0
20434,0
20438,3
20443,3
20445,0
20453,0
20454,0
20473,3
20474,1
20476,0
20478,0
20479,2
20481,3
20484,0
20485,0
20488,0
20492,0
20493,2
20497,3
20499,0
20500,3
20501,0
20502,0
20503,2
20505,0
20506,0
20507,0
20514,0
20519,0
20526,2
20528,0
20530,3
20531,3
20537,3
20538,0
20544,0
20546,0
20548,0
20550,1
20553,0
20557,0
20558,0
20563,0
20565,2
20566,0
20567,1
20568,0
20572,0
20573,1
20580,2
20582,0
20587,0
20592,2
20597,3
20598,0
20600,3
20603,0
20609,0
20611,0
20613,3
20614,0
20616,0
20621,0
20623,0
20637,3
20644,3
20646,0
20648,0
20650,3
20660,0
20663,0
20664,0
20668,3
20671,3
20673,0
20674,0
20676,3
20681,0
20683,3
20684,0
20685,3
20692,3
20698,3
20701,0
20702,0
20711,0
20721,0
20723,0
20726,3
20734,0
20741,0
20742,0
20745,0
20749,0
20753,0
20756,2
20764,1
20766,0
20768,3
20769,3
20770,0
20775,0
20778,0
20780,1
20781,0
20783,0
20785,0
20788,0
20790,0
20792,3
20793,3
20794,0
20798,0
20799,0
20803,1
20811,0
20822,0
20824,0
20831,0
20838,0
20840,0
20843,2
20844,0
20847,2
20848,1
20851,3
20853,0
20854,0
20864,0
20867,0
20869,3
20871,0
20874,0
20877,0
20878,3
20879,3
20881,2
20886,3
20887,0
20888,0
20891,0
20893,0
20896,0
20897,0
20907,2
20911,3
20920,0
20924,3
20926,0
20931,0
20945,1
20949,3
20950,0
20953,1
20954,3
20958,0
20959,0
20963,0
20964,3
20968,0
20969,0
20971,3
20975,0
20977,3
20979,0
20983,0
20986,0
20988,3
20991,3
20993,0
20996,0
21000,0
21003,1
21007,0
21008,0
21011,0
21013,2
21015,0
21023,0
21024,0
21027,0
21031,0
21037,0
21039,0
21041,2
21045,3
21052,0
21054,0
21057,0
21058,0
21064,0
21065,1
21071,0
21072,0
21073,0
21074,1
21075,0
21079,0
21089,0
21091,0
21102,0
21103,0
21105,0
21107,0
21110,0
21115,0
21116,3
21123,0
21124,0
21125,0
21126,3
21129,3
21138,0
21139,0
21147,0
21152,0
21153,3
21154,0
21155,0
21157,0
21162,0
21164,3
21165,3
21174,0
21177,3
21179,0
21182,3
21186,0
21188,3
21191,0
21192,0
21195,0
21200,0
21202,0
21204,0
21206,2
21207,0
21208,0
21212,0
21213,3
21215,0
21224,0
21226,2
21230,0
21232,3
21235,3
21238,0
21239,0
21244,0
21245,0
21247,0
21248,3
21249,3
21253,0
21256,1
21260,0
21262,3
21264,0
21265,0
21266,0
21273,0
21274,0
21277,0
21279,0
21280,0
21282,1
21283,3
21289,0
21290,0
21294,0
21301,3
21303,3
21307,0
21318,0
21319,3
21331,0
21333,0
21340,0
21341,0
21342,0
21343,0
21345,1
21349,0
21351,0
21356,0
21362,3
21364,0
21367,0
21369,1
21370,0
21376,3
21378,3
21382,0
21386,0
21389,3
21391,3
21393,2
21395,0
21398,0
21404,0
21414,0
21415,2
21418,0
21421,0
21425,1
21427,0
21434,0
21437,0
21439,0
21445,0
21448,0
21450,0
21453,3
21457,3
21458,0
21461,1
21475,3
21479,0
21485,0
21488,3
21496,0
21498,0
21503,3
21506,3
21509,0
21511,2
21520,3
21522,3
21523,0
21524,3
21526,3
21529,3
21531,0
21536,3
21537,0
21538,0
21540,0
21543,0
21549,0
21553,0
21564,0
21565,3
21568,0
21572,3
21575,1
21577,3
21578,0
21579,0
21584,3
21589,0
21592,0
21594,0
21595,0
21597,0
21602,0
21606,3
21611,0
21621,3
21630,0
21631,0
21633,0
21634,0
21639,0
21641,3
21642,3
21649,3
21654,0
21658,3
21662,0
21671,3
21675,0
21677,0
21678,0
21680,0
21681,0
21682,0
21683,0
21687,0
21692,0
21693,3
21695,0
21696,0
21697,0
21704,2
21705,0
21711,0
21714,3
21723,3
21725,0
21727,0
21728,0
21739,0
21740,0
21746,0
21749,3
21750,3
21751,0
21753,0
21754,0
21759,0
21761,0
21766,0
21771,1
21772,3
21776,0
21787,0
21796,3
21797,0
21798,0
21800,0
21812,0
21814,0
21818,0
21825,0
21826,0
21831,0
21832,0
21833,0
21840,3
21842,3
21843,0
21847,1
21848,1
21853,0
21855,2
21856,0
21861,3
21862,0
21864,2
21866,0
21869,3
21870,0
21871,0
21872,0
21874,0
21877,3
21881,3
21883,0
21885,3
21891,0
21892,0
21893,0
21894,3
21895,0
21897,0
21898,3
21908,1
21909,3
21911,0
21912,0
21913,0
21914,3
21919,3
21922,0
21923,3
21924,3
21928,0
21934,1
21935,3
21937,2
21939,3
21941,2
21945,0
21947,3
21948,3
21950,1
21953,0
21962,0
21963,0
21964,0
21966,0
21968,3
21969,0
21970,3
21972,0
21974,0
21975,0
21976,3
21986,0
21987,0
21988,0
21990,1
21991,0
21994,0
22005,0
22007,3
22010,3
22011,0
22012,0
22014,0
22022,0
22025,0
22026,2
22028,0
22030,2
22031,0
22032,1
22036,0
22037,3
22039,0
22040,0
22041,3
22042,3
22043,0
22055,3
22057,0
22058,0
22063,0
22067,1
22068,0
22069,3
22072,3
22074,1
22075,0
22078,0
22080,0
22081,0
22082,0
22083,0
22084,0
22086,0
22088,3
22094,0
22096,0
22098,3
22100,3
22102,0
22103,0
22106,0
22109,3
22110,1
22111,0
22113,0
22117,0
22123,0
22124,0
22128,3
22130,0
22135,3
22136,0
22137,0
22139,3
22142,0
22146,3
22147,3
22149,0
22150,3
22156,0
22161,0
22163,0
22165,0
22170,3
22171,0
22172,2
22173,0
22175,3
22178,0
22179,0
22182,3
22185,0
22186,3
22195,0
22198,0
22199,2
22208,3
22210,0
22211,0
22212,0
22213,0
22216,0
22228,0
22229,3
22231,0
22232,0
22235,0
22236,3
22237,0
22239,1
22243,0
22248,0
22249,3
22250,0
22251,0
22256,2
22264,0
22267,3
22276,0
22278,0
22282,3
22285,1
22286,0
22289,3
22291,0
22296,0
22300,0
22302,3
22303,3
22305,3
22308,3
22309,3
22313,0
22320,3
22321,3
22322,0
22323,3
22324,2
22333,0
22335,3
22336,0
22337,3
22344,3
22346,0
22352,3
22358,0
22359,0
22362,3
22368,0
22372,2
22378,0
22380,0
22382,3
22383,0
22385,0
22387,3
22388,3
22389,0
22395,3
22399,3
22407,0
22410,1
22412,0
22414,0
22417,3
22422,0
22423,3
22427,0
22431,0
22433,0
22434,0
22436,3
22440,3
22441,3
22446,0
22448,0
22451,0
22461,0
22466,3
22467,0
22471,0
22472,1
22476,0
22480,2
22488,1
22489,3
22490,0
22492,0
22495,0
22497,0
22499,0
22501,0
22502,0
22504,0
22507,3
22509,0
22511,0
22514,0
22516,0
22519,0
22521,0
22528,0
22533,0
22536,0
22541,0
22542,3
22546,0
22551,3
22552,0
22554,0
22555,0
22557,3
22562,3
22571,0
22572,3
22573,1
22574,0
22575,3
22576,3
22582,3
22589,1
22591,0
22593,0
22594,2
22595,0
22598,3
22602,0
22603,0
22604,0
22612,0
22614,3
22622,0
22624,0
22625,2
22626,3
22629,0
22646,0
22648,3
22656,3
22661,2
22662,0
22667,3
22668,3
22670,3
22671,0
22676,0
22677,3
22678,0
22682,0
22686,0
22688,2
22691,0
22693,2
22701,0
22705,0
22706,0
22708,3
22710,0
22712,0
22714,0
22719,0
22720,0
22726,0
22731,0
22733,2
22736,3
22737,0
22738,0
22739,3
22741,3
22742,3
22743,0
22744,3
22745,0
22746,3
22749,0
22755,0
22758,0
22759,0
22760,3
22768,0
22771,0
22773,1
22774,1
22775,2
22777,0
22779,0
22780,1
22783,0
22785,3
22786,0
22790,1
22791,0
22794,0
22797,0
22803,0
22806,3
22815,0
22822,0
22823,3
22825,2
22828,0
22830,0
22847,3
22848,1
22851,0
22852,3
22861,3
22863,0
22864,0
22866,3
22871,0
22873,0
22877,3
22885,0
22887,3
22888,0
22889,0
22893,0
22897,0
22900,3
22904,0
22905,3
22906,2
22912,3
22917,3
22924,0
22925,0
22928,0
22932,0
22935,0
22936,0
22940,3
22941,2
22943,1
22944,0
22946,2
22955,0
22959,0
22960,0
22961,0
22962,3
22965,1
22971,0
22973,0
22978,0
22981,3
22982,2
22986,1
22987,0
22990,2
22991,0
22992,3
22996,0
22997,0
22998,0
23002,0
23003,0
23004,0
23005,1
23006,0
23008,0
23011,0
23013,0
23014,0
23020,3
23021,0
23025,3
23026,0
23028,1
23029,0
23030,0
23031,3
23040,3
23041,3
23042,0
23046,0
23050,0
23051,0
23053,0
23055,3
23056,3
23057,1
23058,0
23060,2
23061,2
23068,2
23070,0
23073,0
23076,3
23077,0
23081,0
23083,0
23087,0
23090,1
23091,3
23096,0
23097,0
23098,3
23099,0
23100,3
23102,0
23105,0
23107,0
23109,3
23112,0
23117,0
23118,0
23119,0
23124,0
23127,0
23134,3
23136,0
23137,0
23143,0
23145,2
23147,0
23149,2
23151,0
23154,0
23155,0
23161,0
23163,3
23166,1
23167,0
23169,0
23170,3
23173,3
23177,0
23178,2
23179,3
23181,3
23182,0
23183,0
23184,3
23187,0
23188,2
23189,3
23191,0
23192,0
23200,3
23201,3
23205,0
23206,0
23207,0
23212,1
23217,3
23225,2
23226,0
23229,0
23232,3
23233,1
23234,1
23237,0
23240,0
23242,0
23245,0
23246,2
23247,0
23248,0
23250,0
23251,3
23258,0
23260,2
23265,0
23266,3
23267,3
23269,2
23270,3
23271,3
23274,3
23277,0
23279,0
23281,0
23283,3
23284,1
23285,0
23286,0
23287,3
23288,0
23289,1
23292,3
23297,2
23298,0
23299,0
23305,0
23306,3
23307,3
23311,0
23312,0
23318,1
23320,0
23323,0
23326,0
23330,0
23331,1
23336,3
23337,3
23338,0
23343,0
23344,0
23346,0
23349,3
23352,0
23355,2
23356,0
23357,0
23359,0
23361,0
23364,0
23366,0
23370,3
23379,3
23380,0
23386,0
23389,0
23395,3
23396,2
23399,0
23401,0
23403,0
23406,0
23409,0
23410,3
23423,0
23424,0
23425,0
23428,0
23438,0
23444,0
23451,0
23452,1
23453,3
23454,0
23466,0
23468,3
23469,3
23470,1
23475,0
23478,0
23479,0
23480,3
23487,1
23490,0
23492,0
23495,3
23496,1
23500,3
23508,0
23509,0
23510,0
23515,0
23516,0
23528,0
23529,0
23534,0
23540,2
23541,0
23542,3
23545,0
23548,0
23553,0
23555,0
23557,0
23558,0
23564,0
23570,3
23571,2
23573,3
23577,1
23581,3
23585,0
23586,2
23587,0
23590,0
23596,0
23600,0
23601,0
23602,3
23605,3
23606,0
23608,0
23609,3
23612,1
23614,1
23616,0
23617,0
23618,0
23619,0
23621,0
23622,0
23623,3
23631,3
23636,1
23639,0
23641,3
23642,0
23646,3
23649,0
23653,0
23656,0
23662,1
23664,0
23666,0
23669,0
23670,1
23675,3
23679,3
23685,0
23688,0
23691,1
23694,1
23695,3
23696,0
23697,3
23699,0
23703,0
23704,0
23705,2
23711,1
23712,0
23716,3
23717,0
23719,2
23722,2
23723,0
23724,2
23725,2
23726,0
23727,0
23729,2
23730,0
23734,3
23735,0
23736,3
23738,0
23745,0
23746,0
23747,0
23751,0
23752,0
23753,3
23757,0
23758,3
23761,0
23762,0
23763,0
23764,0
23778,0
23782,3
23783,0
23787,0
23790,0
23795,2
23797,3
23799,3
23800,0
23801,3
23807,0
23810,3
23813,3
23817,2
23821,0
23823,0
23824,3
23833,0
23836,0
23841,3
23842,0
23844,3
23854,3
23855,1
23857,0
